TimeISO,MAC,Name,sampleTimeFine,status,qw,qx,qy,qz,roll,pitch,yaw,ax,ay,az,gx,gy,gz,mx,my,mz
2025-07-24T15:38:52.609366,D4:22:CD:00:62:FD,h,30152656,0,,,,,,,,,,,,,,,,
2025-07-24T15:38:52.609366,D4:22:CD:00:62:FD,h,30152823,0,,,,,,,,,,,,,,,,
2025-07-24T15:38:52.609366,D4:22:CD:00:62:FD,h,30152989,0,,,,,,,,,,,,,,,,
2025-07-24T15:38:52.609366,D4:22:CD:00:62:FD,h,30153156,0,,,,,,,,,,,,,,,,
2025-07-24T15:38:52.609366,D4:22:CD:00:62:FD,h,30153989,0,,,,,,,,,,,,,,,,
2025-07-24T15:38:52.628568,D4:22:CD:00:62:FD,h,30154156,0,,,,,,,,,,,,,,,,
2025-07-24T15:38:52.628568,D4:22:CD:00:62:FD,h,30154323,0,,,,,,,,,,,,,,,,
2025-07-24T15:38:52.660308,D4:22:CD:00:62:FD,h,30154489,0,,,,,,,,,,,,,,,,
2025-07-24T15:38:52.660308,D4:22:CD:00:62:FD,h,30154656,0,,,,,,,,,,,,,,,,
2025-07-24T15:38:52.691907,D4:22:CD:00:62:FD,h,30154823,0,,,,,,,,,,,,,,,,
2025-07-24T15:38:52.709950,D4:22:CD:00:62:FD,h,30154989,0,,,,,,,,,,,,,,,,
2025-07-24T15:38:52.709950,D4:22:CD:00:62:FD,h,30155156,0,,,,,,,,,,,,,,,,
2025-07-24T15:38:52.741638,D4:22:CD:00:62:FD,h,30155323,0,,,,,,,,,,,,,,,,
2025-07-24T15:38:52.741638,D4:22:CD:00:62:FD,h,30155489,0,,,,,,,,,,,,,,,,
2025-07-24T15:38:52.771273,D4:22:CD:00:62:FD,h,30155656,0,,,,,,,,,,,,,,,,
2025-07-24T15:38:52.771273,D4:22:CD:00:62:FD,h,30155823,0,,,,,,,,,,,,,,,,
2025-07-24T15:38:52.803034,D4:22:CD:00:62:FD,h,30155989,0,,,,,,,,,,,,,,,,
2025-07-24T15:38:52.803034,D4:22:CD:00:62:FD,h,30156156,0,,,,,,,,,,,,,,,,
2025-07-24T15:38:52.834950,D4:22:CD:00:62:FD,h,30156323,0,,,,,,,,,,,,,,,,
2025-07-24T15:38:52.834950,D4:22:CD:00:62:FD,h,30156489,0,,,,,,,,,,,,,,,,
2025-07-24T15:38:52.866845,D4:22:CD:00:62:FD,h,30156656,0,,,,,,,,,,,,,,,,
2025-07-24T15:38:52.898900,D4:22:CD:00:62:FD,h,30156823,0,,,,,,,,,,,,,,,,
2025-07-24T15:38:52.898900,D4:22:CD:00:62:FD,h,30156989,0,,,,,,,,,,,,,,,,
2025-07-24T15:38:52.930949,D4:22:CD:00:62:FD,h,30157156,0,,,,,,,,,,,,,,,,
2025-07-24T15:38:52.930949,D4:22:CD:00:62:FD,h,30157323,0,,,,,,,,,,,,,,,,
2025-07-24T15:38:52.962998,D4:22:CD:00:62:FD,h,30157490,0,,,,,,,,,,,,,,,,
2025-07-24T15:38:52.962998,D4:22:CD:00:62:FD,h,30157656,0,,,,,,,,,,,,,,,,
2025-07-24T15:38:52.994569,D4:22:CD:00:62:FD,h,30157823,0,,,,,,,,,,,,,,,,
2025-07-24T15:38:52.994569,D4:22:CD:00:62:FD,h,30157990,0,,,,,,,,,,,,,,,,
2025-07-24T15:38:53.010510,D4:22:CD:00:62:FD,h,30158156,0,,,,,,,,,,,,,,,,
2025-07-24T15:38:53.042107,D4:22:CD:00:62:FD,h,30158323,0,,,,,,,,,,,,,,,,
2025-07-24T15:38:53.058016,D4:22:CD:00:62:FD,h,30158490,0,,,,,,,,,,,,,,,,
2025-07-24T15:38:53.074131,D4:22:CD:00:62:FD,h,30158656,0,,,,,,,,,,,,,,,,
2025-07-24T15:38:53.106062,D4:22:CD:00:62:FD,h,30158823,0,,,,,,,,,,,,,,,,
2025-07-24T15:38:53.106062,D4:22:CD:00:62:FD,h,30158990,0,,,,,,,,,,,,,,,,
2025-07-24T15:38:53.138228,D4:22:CD:00:62:FD,h,30159156,0,,,,,,,,,,,,,,,,
2025-07-24T15:38:53.138228,D4:22:CD:00:62:FD,h,30159323,0,,,,,,,,,,,,,,,,
2025-07-24T15:38:53.170077,D4:22:CD:00:62:FD,h,30159490,0,,,,,,,,,,,,,,,,
2025-07-24T15:38:53.170077,D4:22:CD:00:62:FD,h,30159656,0,,,,,,,,,,,,,,,,
2025-07-24T15:38:53.201979,D4:22:CD:00:62:FD,h,30159823,0,,,,,,,,,,,,,,,,
2025-07-24T15:38:53.233833,D4:22:CD:00:62:FD,h,30159990,0,,,,,,,,,,,,,,,,
2025-07-24T15:38:53.233833,D4:22:CD:00:62:FD,h,30160156,0,,,,,,,,,,,,,,,,
2025-07-24T15:38:53.249749,D4:22:CD:00:62:FD,h,30160323,0,,,,,,,,,,,,,,,,
2025-07-24T15:38:53.249749,D4:22:CD:00:62:FD,h,30160490,0,,,,,,,,,,,,,,,,
2025-07-24T15:38:53.281479,D4:22:CD:00:62:FD,h,30160656,0,,,,,,,,,,,,,,,,
2025-07-24T15:38:53.281479,D4:22:CD:00:62:FD,h,30160823,0,,,,,,,,,,,,,,,,
2025-07-24T15:38:53.313603,D4:22:CD:00:62:FD,h,30160990,0,,,,,,,,,,,,,,,,
2025-07-24T15:38:53.345775,D4:22:CD:00:62:FD,h,30161156,0,,,,,,,,,,,,,,,,
2025-07-24T15:38:53.345775,D4:22:CD:00:62:FD,h,30161323,0,,,,,,,,,,,,,,,,
2025-07-24T15:38:53.377526,D4:22:CD:00:62:FD,h,30161490,0,,,,,,,,,,,,,,,,
2025-07-24T15:38:53.377526,D4:22:CD:00:62:FD,h,30161656,0,,,,,,,,,,,,,,,,
2025-07-24T15:38:53.412160,D4:22:CD:00:62:FD,h,30161823,0,,,,,,,,,,,,,,,,
2025-07-24T15:38:53.412160,D4:22:CD:00:62:FD,h,30161990,0,,,,,,,,,,,,,,,,
2025-07-24T15:38:53.441605,D4:22:CD:00:62:FD,h,30162156,0,,,,,,,,,,,,,,,,
2025-07-24T15:38:53.441605,D4:22:CD:00:62:FD,h,30162323,0,,,,,,,,,,,,,,,,
2025-07-24T15:38:53.473555,D4:22:CD:00:62:FD,h,30162490,0,,,,,,,,,,,,,,,,
2025-07-24T15:38:53.473555,D4:22:CD:00:62:FD,h,30162656,0,,,,,,,,,,,,,,,,
2025-07-24T15:38:53.505186,D4:22:CD:00:62:FD,h,30162823,0,,,,,,,,,,,,,,,,
2025-07-24T15:38:53.505186,D4:22:CD:00:62:FD,h,30162990,0,,,,,,,,,,,,,,,,
2025-07-24T15:38:53.521223,D4:22:CD:00:62:FD,h,30163156,0,,,,,,,,,,,,,,,,
2025-07-24T15:38:53.553004,D4:22:CD:00:62:FD,h,30163323,0,,,,,,,,,,,,,,,,
2025-07-24T15:38:53.553004,D4:22:CD:00:62:FD,h,30163490,0,,,,,,,,,,,,,,,,
2025-07-24T15:38:53.584621,D4:22:CD:00:62:FD,h,30163656,0,,,,,,,,,,,,,,,,
2025-07-24T15:38:53.584621,D4:22:CD:00:62:FD,h,30163823,0,,,,,,,,,,,,,,,,
2025-07-24T15:38:53.616454,D4:22:CD:00:62:FD,h,30163990,0,,,,,,,,,,,,,,,,
2025-07-24T15:38:53.616454,D4:22:CD:00:62:FD,h,30164156,0,,,,,,,,,,,,,,,,
2025-07-24T15:38:53.648310,D4:22:CD:00:62:FD,h,30164323,0,,,,,,,,,,,,,,,,
2025-07-24T15:38:53.648310,D4:22:CD:00:62:FD,h,30164490,0,,,,,,,,,,,,,,,,
2025-07-24T15:38:53.680035,D4:22:CD:00:62:FD,h,30164656,0,,,,,,,,,,,,,,,,
2025-07-24T15:38:53.713348,D4:22:CD:00:62:FD,h,30164823,0,,,,,,,,,,,,,,,,
2025-07-24T15:38:53.713348,D4:22:CD:00:62:FD,h,30164990,0,,,,,,,,,,,,,,,,
2025-07-24T15:38:53.727977,D4:22:CD:00:62:FD,h,30165156,0,,,,,,,,,,,,,,,,
2025-07-24T15:38:53.744136,D4:22:CD:00:62:FD,h,30165323,0,,,,,,,,,,,,,,,,
2025-07-24T15:38:53.759834,D4:22:CD:00:62:FD,h,30165490,0,,,,,,,,,,,,,,,,
2025-07-24T15:38:53.759834,D4:22:CD:00:62:FD,h,30165656,0,,,,,,,,,,,,,,,,
2025-07-24T15:38:53.791437,D4:22:CD:00:62:FD,h,30165823,0,,,,,,,,,,,,,,,,
2025-07-24T15:38:53.807554,D4:22:CD:00:62:FD,h,30165990,0,,,,,,,,,,,,,,,,
2025-07-24T15:38:53.823606,D4:22:CD:00:62:FD,h,30166156,0,,,,,,,,,,,,,,,,
2025-07-24T15:38:53.823606,D4:22:CD:00:62:FD,h,30166323,0,,,,,,,,,,,,,,,,
2025-07-24T15:38:53.854522,D4:22:CD:00:62:FD,h,30166490,0,,,,,,,,,,,,,,,,
2025-07-24T15:38:53.886211,D4:22:CD:00:62:FD,h,30166656,0,,,,,,,,,,,,,,,,
2025-07-24T15:38:53.886211,D4:22:CD:00:62:FD,h,30166823,0,,,,,,,,,,,,,,,,
2025-07-24T15:38:53.917825,D4:22:CD:00:62:FD,h,30166990,0,,,,,,,,,,,,,,,,
2025-07-24T15:38:53.917825,D4:22:CD:00:62:FD,h,30167156,0,,,,,,,,,,,,,,,,
2025-07-24T15:38:53.949777,D4:22:CD:00:62:FD,h,30167323,0,,,,,,,,,,,,,,,,
2025-07-24T15:38:53.949777,D4:22:CD:00:62:FD,h,30167490,0,,,,,,,,,,,,,,,,
2025-07-24T15:38:53.981259,D4:22:CD:00:62:FD,h,30167656,0,,,,,,,,,,,,,,,,
2025-07-24T15:38:53.981259,D4:22:CD:00:62:FD,h,30167823,0,,,,,,,,,,,,,,,,
2025-07-24T15:38:54.014418,D4:22:CD:00:62:FD,h,30167990,0,,,,,,,,,,,,,,,,
2025-07-24T15:38:54.044935,D4:22:CD:00:62:FD,h,30168156,0,,,,,,,,,,,,,,,,
2025-07-24T15:38:54.044935,D4:22:CD:00:62:FD,h,30168323,0,,,,,,,,,,,,,,,,
2025-07-24T15:38:54.061114,D4:22:CD:00:62:FD,h,30168490,0,,,,,,,,,,,,,,,,
2025-07-24T15:38:54.061114,D4:22:CD:00:62:FD,h,30168656,0,,,,,,,,,,,,,,,,
2025-07-24T15:38:54.124955,D4:22:CD:00:62:FD,h,30168823,0,,,,,,,,,,,,,,,,
2025-07-24T15:38:54.124955,D4:22:CD:00:62:FD,h,30168990,0,,,,,,,,,,,,,,,,
2025-07-24T15:38:54.156824,D4:22:CD:00:62:FD,h,30169156,0,,,,,,,,,,,,,,,,
2025-07-24T15:38:54.158866,D4:22:CD:00:62:FD,h,30169323,0,,,,,,,,,,,,,,,,
2025-07-24T15:38:54.190254,D4:22:CD:00:62:FD,h,30169490,0,,,,,,,,,,,,,,,,
2025-07-24T15:38:54.190254,D4:22:CD:00:62:FD,h,30169656,0,,,,,,,,,,,,,,,,
2025-07-24T15:38:54.220653,D4:22:CD:00:62:FD,h,30169823,0,,,,,,,,,,,,,,,,
2025-07-24T15:38:54.220653,D4:22:CD:00:62:FD,h,30169990,0,,,,,,,,,,,,,,,,
2025-07-24T15:38:54.252153,D4:22:CD:00:62:FD,h,30170156,0,,,,,,,,,,,,,,,,
2025-07-24T15:38:54.252153,D4:22:CD:00:62:FD,h,30170323,0,,,,,,,,,,,,,,,,
2025-07-24T15:38:54.283714,D4:22:CD:00:62:FD,h,30170490,0,,,,,,,,,,,,,,,,
2025-07-24T15:38:54.283714,D4:22:CD:00:62:FD,h,30170656,0,,,,,,,,,,,,,,,,
2025-07-24T15:38:54.314977,D4:22:CD:00:62:FD,h,30170823,0,,,,,,,,,,,,,,,,
2025-07-24T15:38:54.314977,D4:22:CD:00:62:FD,h,30170990,0,,,,,,,,,,,,,,,,
2025-07-24T15:38:54.346704,D4:22:CD:00:62:FD,h,30171156,0,,,,,,,,,,,,,,,,
2025-07-24T15:38:54.362572,D4:22:CD:00:62:FD,h,30171323,0,,,,,,,,,,,,,,,,
2025-07-24T15:38:54.362572,D4:22:CD:00:62:FD,h,30171490,0,,,,,,,,,,,,,,,,
2025-07-24T15:38:54.394179,D4:22:CD:00:62:FD,h,30171656,0,,,,,,,,,,,,,,,,
2025-07-24T15:38:54.394179,D4:22:CD:00:62:FD,h,30171823,0,,,,,,,,,,,,,,,,
2025-07-24T15:38:54.426004,D4:22:CD:00:62:FD,h,30171990,0,,,,,,,,,,,,,,,,
2025-07-24T15:38:54.426004,D4:22:CD:00:62:FD,h,30172156,0,,,,,,,,,,,,,,,,
2025-07-24T15:38:54.457867,D4:22:CD:00:62:FD,h,30172323,0,,,,,,,,,,,,,,,,
2025-07-24T15:38:54.457867,D4:22:CD:00:62:FD,h,30172490,0,,,,,,,,,,,,,,,,
2025-07-24T15:38:54.489492,D4:22:CD:00:62:FD,h,30172656,0,,,,,,,,,,,,,,,,
2025-07-24T15:38:54.489492,D4:22:CD:00:62:FD,h,30172823,0,,,,,,,,,,,,,,,,
2025-07-24T15:38:54.520907,D4:22:CD:00:62:FD,h,30172990,0,,,,,,,,,,,,,,,,
2025-07-24T15:38:54.552647,D4:22:CD:00:62:FD,h,30173156,0,,,,,,,,,,,,,,,,
2025-07-24T15:38:54.552647,D4:22:CD:00:62:FD,h,30173323,0,,,,,,,,,,,,,,,,
2025-07-24T15:38:54.568673,D4:22:CD:00:62:FD,h,30173490,0,,,,,,,,,,,,,,,,
2025-07-24T15:38:54.584452,D4:22:CD:00:62:FD,h,30173656,0,,,,,,,,,,,,,,,,
2025-07-24T15:38:54.616133,D4:22:CD:00:62:FD,h,30173823,0,,,,,,,,,,,,,,,,
2025-07-24T15:38:54.616133,D4:22:CD:00:62:FD,h,30173990,0,,,,,,,,,,,,,,,,
2025-07-24T15:38:54.631856,D4:22:CD:00:62:FD,h,30174157,0,,,,,,,,,,,,,,,,
2025-07-24T15:38:54.647678,D4:22:CD:00:62:FD,h,30174323,0,,,,,,,,,,,,,,,,
2025-07-24T15:38:54.663858,D4:22:CD:00:62:FD,h,30174490,0,,,,,,,,,,,,,,,,
2025-07-24T15:38:54.695872,D4:22:CD:00:62:FD,h,30174657,0,,,,,,,,,,,,,,,,
2025-07-24T15:38:54.695872,D4:22:CD:00:62:FD,h,30174823,0,,,,,,,,,,,,,,,,
2025-07-24T15:38:54.727751,D4:22:CD:00:62:FD,h,30174990,0,,,,,,,,,,,,,,,,
2025-07-24T15:38:54.727751,D4:22:CD:00:62:FD,h,30175157,0,,,,,,,,,,,,,,,,
2025-07-24T15:38:54.761579,D4:22:CD:00:62:FD,h,30175323,0,,,,,,,,,,,,,,,,
2025-07-24T15:38:54.761579,D4:22:CD:00:62:FD,h,30175490,0,,,,,,,,,,,,,,,,
2025-07-24T15:38:54.791575,D4:22:CD:00:62:FD,h,30175657,0,,,,,,,,,,,,,,,,
2025-07-24T15:38:54.807623,D4:22:CD:00:62:FD,h,30175823,0,,,,,,,,,,,,,,,,
2025-07-24T15:38:54.807623,D4:22:CD:00:62:FD,h,30175990,0,,,,,,,,,,,,,,,,
2025-07-24T15:38:54.839105,D4:22:CD:00:62:FD,h,30176157,0,,,,,,,,,,,,,,,,
2025-07-24T15:38:54.870871,D4:22:CD:00:62:FD,h,30176323,0,,,,,,,,,,,,,,,,
2025-07-24T15:38:54.870871,D4:22:CD:00:62:FD,h,30176490,0,,,,,,,,,,,,,,,,
2025-07-24T15:38:54.918628,D4:22:CD:00:62:FD,h,30176657,0,,,,,,,,,,,,,,,,
2025-07-24T15:38:54.918628,D4:22:CD:00:62:FD,h,30176823,0,,,,,,,,,,,,,,,,
2025-07-24T15:38:54.934751,D4:22:CD:00:62:FD,h,30176990,0,,,,,,,,,,,,,,,,
2025-07-24T15:38:54.934751,D4:22:CD:00:62:FD,h,30177157,0,,,,,,,,,,,,,,,,
2025-07-24T15:38:54.966389,D4:22:CD:00:62:FD,h,30177323,0,,,,,,,,,,,,,,,,
2025-07-24T15:38:54.966389,D4:22:CD:00:62:FD,h,30177490,0,,,,,,,,,,,,,,,,
2025-07-24T15:38:54.998605,D4:22:CD:00:62:FD,h,30177657,0,,,,,,,,,,,,,,,,
2025-07-24T15:38:54.998605,D4:22:CD:00:62:FD,h,30177823,0,,,,,,,,,,,,,,,,
2025-07-24T15:38:55.029777,D4:22:CD:00:62:FD,h,30177990,0,,,,,,,,,,,,,,,,
2025-07-24T15:38:55.029777,D4:22:CD:00:62:FD,h,30178157,0,,,,,,,,,,,,,,,,
2025-07-24T15:38:55.061946,D4:22:CD:00:62:FD,h,30178323,0,,,,,,,,,,,,,,,,
2025-07-24T15:38:55.061946,D4:22:CD:00:62:FD,h,30178490,0,,,,,,,,,,,,,,,,
2025-07-24T15:38:55.093835,D4:22:CD:00:62:FD,h,30178657,0,,,,,,,,,,,,,,,,
2025-07-24T15:38:55.093835,D4:22:CD:00:62:FD,h,30178823,0,,,,,,,,,,,,,,,,
2025-07-24T15:38:55.141882,D4:22:CD:00:62:FD,h,30178990,0,,,,,,,,,,,,,,,,
2025-07-24T15:38:55.173784,D4:22:CD:00:62:FD,h,30179157,0,,,,,,,,,,,,,,,,
2025-07-24T15:38:55.173784,D4:22:CD:00:62:FD,h,30179323,0,,,,,,,,,,,,,,,,
2025-07-24T15:38:55.205402,D4:22:CD:00:62:FD,h,30179490,0,,,,,,,,,,,,,,,,
2025-07-24T15:38:55.238613,D4:22:CD:00:62:FD,h,30179657,0,,,,,,,,,,,,,,,,
2025-07-24T15:38:55.238613,D4:22:CD:00:62:FD,h,30179823,0,,,,,,,,,,,,,,,,
2025-07-24T15:38:55.269315,D4:22:CD:00:62:FD,h,30179990,0,,,,,,,,,,,,,,,,
2025-07-24T15:38:55.269315,D4:22:CD:00:62:FD,h,30180157,0,,,,,,,,,,,,,,,,
2025-07-24T15:38:55.300970,D4:22:CD:00:62:FD,h,30180323,0,,,,,,,,,,,,,,,,
2025-07-24T15:38:55.300970,D4:22:CD:00:62:FD,h,30180490,0,,,,,,,,,,,,,,,,
2025-07-24T15:38:55.364579,D4:22:CD:00:62:FD,h,30180657,0,,,,,,,,,,,,,,,,
2025-07-24T15:38:55.364579,D4:22:CD:00:62:FD,h,30180823,0,,,,,,,,,,,,,,,,
2025-07-24T15:38:55.380462,D4:22:CD:00:62:FD,h,30180990,0,,,,,,,,,,,,,,,,
2025-07-24T15:38:55.412393,D4:22:CD:00:62:FD,h,30181157,0,,,,,,,,,,,,,,,,
2025-07-24T15:38:55.412393,D4:22:CD:00:62:FD,h,30181323,0,,,,,,,,,,,,,,,,
2025-07-24T15:38:55.446548,D4:22:CD:00:62:FD,h,30181490,0,,,,,,,,,,,,,,,,
2025-07-24T15:38:55.446548,D4:22:CD:00:62:FD,h,30181657,0,,,,,,,,,,,,,,,,
2025-07-24T15:38:55.476329,D4:22:CD:00:62:FD,h,30181823,0,,,,,,,,,,,,,,,,
2025-07-24T15:38:55.476329,D4:22:CD:00:62:FD,h,30181990,0,,,,,,,,,,,,,,,,
2025-07-24T15:38:55.508530,D4:22:CD:00:62:FD,h,30182157,0,,,,,,,,,,,,,,,,
2025-07-24T15:38:55.508530,D4:22:CD:00:62:FD,h,30182323,0,,,,,,,,,,,,,,,,
2025-07-24T15:38:55.540402,D4:22:CD:00:62:FD,h,30182490,0,,,,,,,,,,,,,,,,
2025-07-24T15:38:55.540402,D4:22:CD:00:62:FD,h,30182657,0,,,,,,,,,,,,,,,,
2025-07-24T15:38:55.590828,D4:22:CD:00:62:FD,h,30182823,0,,,,,,,,,,,,,,,,
2025-07-24T15:38:55.604811,D4:22:CD:00:62:FD,h,30182990,0,,,,,,,,,,,,,,,,
2025-07-24T15:38:55.620588,D4:22:CD:00:62:FD,h,30183157,0,,,,,,,,,,,,,,,,
2025-07-24T15:38:55.652285,D4:22:CD:00:62:FD,h,30183323,0,,,,,,,,,,,,,,,,
2025-07-24T15:38:55.652285,D4:22:CD:00:62:FD,h,30183490,0,,,,,,,,,,,,,,,,
2025-07-24T15:38:55.684084,D4:22:CD:00:62:FD,h,30183657,0,,,,,,,,,,,,,,,,
2025-07-24T15:38:55.684084,D4:22:CD:00:62:FD,h,30183823,0,,,,,,,,,,,,,,,,
2025-07-24T15:38:55.715935,D4:22:CD:00:62:FD,h,30183990,0,,,,,,,,,,,,,,,,
2025-07-24T15:38:55.715935,D4:22:CD:00:62:FD,h,30184157,0,,,,,,,,,,,,,,,,
2025-07-24T15:38:55.747970,D4:22:CD:00:62:FD,h,30184323,0,,,,,,,,,,,,,,,,
2025-07-24T15:38:55.779851,D4:22:CD:00:62:FD,h,30184490,0,,,,,,,,,,,,,,,,
2025-07-24T15:38:55.779851,D4:22:CD:00:62:FD,h,30184657,0,,,,,,,,,,,,,,,,
2025-07-24T15:38:55.811602,D4:22:CD:00:62:FD,h,30184823,0,,,,,,,,,,,,,,,,
2025-07-24T15:38:55.811602,D4:22:CD:00:62:FD,h,30184990,0,,,,,,,,,,,,,,,,
2025-07-24T15:38:55.843702,D4:22:CD:00:62:FD,h,30185157,0,,,,,,,,,,,,,,,,
2025-07-24T15:38:55.843702,D4:22:CD:00:62:FD,h,30185323,0,,,,,,,,,,,,,,,,
2025-07-24T15:38:55.860693,D4:22:CD:00:62:FD,h,30185490,0,,,,,,,,,,,,,,,,
2025-07-24T15:38:55.860693,D4:22:CD:00:62:FD,h,30185657,0,,,,,,,,,,,,,,,,
2025-07-24T15:38:55.891562,D4:22:CD:00:62:FD,h,30185823,0,,,,,,,,,,,,,,,,
2025-07-24T15:38:55.907602,D4:22:CD:00:62:FD,h,30185990,0,,,,,,,,,,,,,,,,
2025-07-24T15:38:55.923567,D4:22:CD:00:62:FD,h,30186157,0,,,,,,,,,,,,,,,,
2025-07-24T15:38:55.923567,D4:22:CD:00:62:FD,h,30186323,0,,,,,,,,,,,,,,,,
2025-07-24T15:38:55.955483,D4:22:CD:00:62:FD,h,30186490,0,,,,,,,,,,,,,,,,
2025-07-24T15:38:55.955483,D4:22:CD:00:62:FD,h,30186657,0,,,,,,,,,,,,,,,,
2025-07-24T15:38:55.986965,D4:22:CD:00:62:FD,h,30186823,0,,,,,,,,,,,,,,,,
2025-07-24T15:38:55.986965,D4:22:CD:00:62:FD,h,30186990,0,,,,,,,,,,,,,,,,
2025-07-24T15:38:56.020026,D4:22:CD:00:62:FD,h,30187157,0,,,,,,,,,,,,,,,,
2025-07-24T15:38:56.020026,D4:22:CD:00:62:FD,h,30187323,0,,,,,,,,,,,,,,,,
2025-07-24T15:38:56.051012,D4:22:CD:00:62:FD,h,30187490,0,,,,,,,,,,,,,,,,
2025-07-24T15:38:56.083033,D4:22:CD:00:62:FD,h,30187657,0,,,,,,,,,,,,,,,,
2025-07-24T15:38:56.083033,D4:22:CD:00:62:FD,h,30187823,0,,,,,,,,,,,,,,,,
2025-07-24T15:38:56.098694,D4:22:CD:00:62:FD,h,30187990,0,,,,,,,,,,,,,,,,
2025-07-24T15:38:56.098694,D4:22:CD:00:62:FD,h,30188157,0,,,,,,,,,,,,,,,,
2025-07-24T15:38:56.130467,D4:22:CD:00:62:FD,h,30188323,0,,,,,,,,,,,,,,,,
2025-07-24T15:38:56.130467,D4:22:CD:00:62:FD,h,30188490,0,,,,,,,,,,,,,,,,
2025-07-24T15:38:56.161900,D4:22:CD:00:62:FD,h,30188657,0,,,,,,,,,,,,,,,,
2025-07-24T15:38:56.161900,D4:22:CD:00:62:FD,h,30188823,0,,,,,,,,,,,,,,,,
2025-07-24T15:38:56.193869,D4:22:CD:00:62:FD,h,30188990,0,,,,,,,,,,,,,,,,
2025-07-24T15:38:56.193869,D4:22:CD:00:62:FD,h,30189157,0,,,,,,,,,,,,,,,,
2025-07-24T15:38:56.225237,D4:22:CD:00:62:FD,h,30189323,0,,,,,,,,,,,,,,,,
2025-07-24T15:38:56.256856,D4:22:CD:00:62:FD,h,30189490,0,,,,,,,,,,,,,,,,
2025-07-24T15:38:56.256856,D4:22:CD:00:62:FD,h,30189657,0,,,,,,,,,,,,,,,,
2025-07-24T15:38:56.288532,D4:22:CD:00:62:FD,h,30189823,0,,,,,,,,,,,,,,,,
2025-07-24T15:38:56.288532,D4:22:CD:00:62:FD,h,30189990,0,,,,,,,,,,,,,,,,
2025-07-24T15:38:56.320580,D4:22:CD:00:62:FD,h,30190157,0,,,,,,,,,,,,,,,,
2025-07-24T15:38:56.320580,D4:22:CD:00:62:FD,h,30190323,0,,,,,,,,,,,,,,,,
2025-07-24T15:38:56.351692,D4:22:CD:00:62:FD,h,30190490,0,,,,,,,,,,,,,,,,
2025-07-24T15:38:56.351692,D4:22:CD:00:62:FD,h,30190657,0,,,,,,,,,,,,,,,,
2025-07-24T15:38:56.383544,D4:22:CD:00:62:FD,h,30190824,0,,,,,,,,,,,,,,,,
2025-07-24T15:38:56.399541,D4:22:CD:00:62:FD,h,30190990,0,,,,,,,,,,,,,,,,
2025-07-24T15:38:56.415522,D4:22:CD:00:62:FD,h,30191157,0,,,,,,,,,,,,,,,,
2025-07-24T15:38:56.431310,D4:22:CD:00:62:FD,h,30191324,0,,,,,,,,,,,,,,,,
2025-07-24T15:38:56.431310,D4:22:CD:00:62:FD,h,30191490,0,,,,,,,,,,,,,,,,
2025-07-24T15:38:56.463507,D4:22:CD:00:62:FD,h,30191657,0,,,,,,,,,,,,,,,,
2025-07-24T15:38:56.463507,D4:22:CD:00:62:FD,h,30191824,0,,,,,,,,,,,,,,,,
2025-07-24T15:38:56.495515,D4:22:CD:00:62:FD,h,30191990,0,,,,,,,,,,,,,,,,
2025-07-24T15:38:56.495515,D4:22:CD:00:62:FD,h,30192157,0,,,,,,,,,,,,,,,,
2025-07-24T15:38:56.529119,D4:22:CD:00:62:FD,h,30192324,0,,,,,,,,,,,,,,,,
2025-07-24T15:38:56.529119,D4:22:CD:00:62:FD,h,30192490,0,,,,,,,,,,,,,,,,
2025-07-24T15:38:56.593819,D4:22:CD:00:62:FD,h,30192657,0,,,,,,,,,,,,,,,,
2025-07-24T15:38:56.623612,D4:22:CD:00:62:FD,h,30192824,0,,,,,,,,,,,,,,,,
2025-07-24T15:38:56.623612,D4:22:CD:00:62:FD,h,30192990,0,,,,,,,,,,,,,,,,
2025-07-24T15:38:56.639359,D4:22:CD:00:62:FD,h,30193157,0,,,,,,,,,,,,,,,,
2025-07-24T15:38:56.639359,D4:22:CD:00:62:FD,h,30193324,0,,,,,,,,,,,,,,,,
2025-07-24T15:38:56.671383,D4:22:CD:00:62:FD,h,30193490,0,,,,,,,,,,,,,,,,
2025-07-24T15:38:56.671383,D4:22:CD:00:62:FD,h,30193657,0,,,,,,,,,,,,,,,,
2025-07-24T15:38:56.703369,D4:22:CD:00:62:FD,h,30193824,0,,,,,,,,,,,,,,,,
2025-07-24T15:38:56.703369,D4:22:CD:00:62:FD,h,30193990,0,,,,,,,,,,,,,,,,
2025-07-24T15:38:56.735642,D4:22:CD:00:62:FD,h,30194157,0,,,,,,,,,,,,,,,,
2025-07-24T15:38:56.735642,D4:22:CD:00:62:FD,h,30194324,0,,,,,,,,,,,,,,,,
2025-07-24T15:38:56.768459,D4:22:CD:00:62:FD,h,30194490,0,,,,,,,,,,,,,,,,
2025-07-24T15:38:56.768459,D4:22:CD:00:62:FD,h,30194657,0,,,,,,,,,,,,,,,,
2025-07-24T15:38:56.799199,D4:22:CD:00:62:FD,h,30194824,0,,,,,,,,,,,,,,,,
2025-07-24T15:38:56.799199,D4:22:CD:00:62:FD,h,30194990,0,,,,,,,,,,,,,,,,
2025-07-24T15:38:56.831223,D4:22:CD:00:62:FD,h,30195157,0,,,,,,,,,,,,,,,,
2025-07-24T15:38:56.831223,D4:22:CD:00:62:FD,h,30195324,0,,,,,,,,,,,,,,,,
2025-07-24T15:38:56.863250,D4:22:CD:00:62:FD,h,30195490,0,,,,,,,,,,,,,,,,
2025-07-24T15:38:56.863250,D4:22:CD:00:62:FD,h,30195657,0,,,,,,,,,,,,,,,,
2025-07-24T15:38:56.895509,D4:22:CD:00:62:FD,h,30195824,0,,,,,,,,,,,,,,,,
2025-07-24T15:38:56.911200,D4:22:CD:00:62:FD,h,30195990,0,,,,,,,,,,,,,,,,
2025-07-24T15:38:56.911200,D4:22:CD:00:62:FD,h,30196157,0,,,,,,,,,,,,,,,,
2025-07-24T15:38:56.943037,D4:22:CD:00:62:FD,h,30196324,0,,,,,,,,,,,,,,,,
2025-07-24T15:38:56.943037,D4:22:CD:00:62:FD,h,30196490,0,,,,,,,,,,,,,,,,
2025-07-24T15:38:56.975153,D4:22:CD:00:62:FD,h,30196657,0,,,,,,,,,,,,,,,,
2025-07-24T15:38:56.975153,D4:22:CD:00:62:FD,h,30196824,0,,,,,,,,,,,,,,,,
2025-07-24T15:38:57.006854,D4:22:CD:00:62:FD,h,30196990,0,,,,,,,,,,,,,,,,
2025-07-24T15:38:57.006854,D4:22:CD:00:62:FD,h,30197157,0,,,,,,,,,,,,,,,,
2025-07-24T15:38:57.038271,D4:22:CD:00:62:FD,h,30197324,0,,,,,,,,,,,,,,,,
2025-07-24T15:38:57.069970,D4:22:CD:00:62:FD,h,30197490,0,,,,,,,,,,,,,,,,
2025-07-24T15:38:57.069970,D4:22:CD:00:62:FD,h,30197657,0,,,,,,,,,,,,,,,,
2025-07-24T15:38:57.101986,D4:22:CD:00:62:FD,h,30197824,0,,,,,,,,,,,,,,,,
2025-07-24T15:38:57.101986,D4:22:CD:00:62:FD,h,30197990,0,,,,,,,,,,,,,,,,
2025-07-24T15:38:57.133997,D4:22:CD:00:62:FD,h,30198157,0,,,,,,,,,,,,,,,,
2025-07-24T15:38:57.133997,D4:22:CD:00:62:FD,h,30198324,0,,,,,,,,,,,,,,,,
2025-07-24T15:38:57.149869,D4:22:CD:00:62:FD,h,30198490,0,,,,,,,,,,,,,,,,
2025-07-24T15:38:57.149869,D4:22:CD:00:62:FD,h,30198657,0,,,,,,,,,,,,,,,,
2025-07-24T15:38:57.181309,D4:22:CD:00:62:FD,h,30198824,0,,,,,,,,,,,,,,,,
2025-07-24T15:38:57.181309,D4:22:CD:00:62:FD,h,30198990,0,,,,,,,,,,,,,,,,
2025-07-24T15:38:57.212924,D4:22:CD:00:62:FD,h,30199157,0,,,,,,,,,,,,,,,,
2025-07-24T15:38:57.245176,D4:22:CD:00:62:FD,h,30199324,0,,,,,,,,,,,,,,,,
2025-07-24T15:38:57.245176,D4:22:CD:00:62:FD,h,30199490,0,,,,,,,,,,,,,,,,
2025-07-24T15:38:57.277069,D4:22:CD:00:62:FD,h,30199657,0,,,,,,,,,,,,,,,,
2025-07-24T15:38:57.277069,D4:22:CD:00:62:FD,h,30199824,0,,,,,,,,,,,,,,,,
2025-07-24T15:38:57.308554,D4:22:CD:00:62:FD,h,30199990,0,,,,,,,,,,,,,,,,
2025-07-24T15:38:57.308554,D4:22:CD:00:62:FD,h,30200157,0,,,,,,,,,,,,,,,,
2025-07-24T15:38:57.339601,D4:22:CD:00:62:FD,h,30200324,0,,,,,,,,,,,,,,,,
2025-07-24T15:38:57.339601,D4:22:CD:00:62:FD,h,30200490,0,,,,,,,,,,,,,,,,
2025-07-24T15:38:57.371407,D4:22:CD:00:62:FD,h,30200657,0,,,,,,,,,,,,,,,,
2025-07-24T15:38:57.403448,D4:22:CD:00:62:FD,h,30200824,0,,,,,,,,,,,,,,,,
2025-07-24T15:38:57.403448,D4:22:CD:00:62:FD,h,30200990,0,,,,,,,,,,,,,,,,
2025-07-24T15:38:57.419484,D4:22:CD:00:62:FD,h,30201157,0,,,,,,,,,,,,,,,,
2025-07-24T15:38:57.423899,D4:22:CD:00:62:FD,h,30201324,0,,,,,,,,,,,,,,,,
2025-07-24T15:38:57.451255,D4:22:CD:00:62:FD,h,30201490,0,,,,,,,,,,,,,,,,
2025-07-24T15:38:57.499575,D4:22:CD:00:62:FD,h,30201657,0,,,,,,,,,,,,,,,,
2025-07-24T15:38:57.499575,D4:22:CD:00:62:FD,h,30201824,0,,,,,,,,,,,,,,,,
2025-07-24T15:38:57.515505,D4:22:CD:00:62:FD,h,30201990,0,,,,,,,,,,,,,,,,
2025-07-24T15:38:57.515505,D4:22:CD:00:62:FD,h,30202157,0,,,,,,,,,,,,,,,,
2025-07-24T15:38:57.547331,D4:22:CD:00:62:FD,h,30202324,0,,,,,,,,,,,,,,,,
2025-07-24T15:38:57.547331,D4:22:CD:00:62:FD,h,30202490,0,,,,,,,,,,,,,,,,
2025-07-24T15:38:57.579053,D4:22:CD:00:62:FD,h,30202657,0,,,,,,,,,,,,,,,,
2025-07-24T15:38:57.579053,D4:22:CD:00:62:FD,h,30202824,0,,,,,,,,,,,,,,,,
2025-07-24T15:38:57.610680,D4:22:CD:00:62:FD,h,30202990,0,,,,,,,,,,,,,,,,
2025-07-24T15:38:57.610680,D4:22:CD:00:62:FD,h,30203157,0,,,,,,,,,,,,,,,,
2025-07-24T15:38:57.642513,D4:22:CD:00:62:FD,h,30203324,0,,,,,,,,,,,,,,,,
2025-07-24T15:38:57.642513,D4:22:CD:00:62:FD,h,30203490,0,,,,,,,,,,,,,,,,
2025-07-24T15:38:57.658391,D4:22:CD:00:62:FD,h,30203657,0,,,,,,,,,,,,,,,,
2025-07-24T15:38:57.674423,D4:22:CD:00:62:FD,h,30203824,0,,,,,,,,,,,,,,,,
2025-07-24T15:38:57.690345,D4:22:CD:00:62:FD,h,30203990,0,,,,,,,,,,,,,,,,
2025-07-24T15:38:57.722205,D4:22:CD:00:62:FD,h,30204157,0,,,,,,,,,,,,,,,,
2025-07-24T15:38:57.722205,D4:22:CD:00:62:FD,h,30204324,0,,,,,,,,,,,,,,,,
2025-07-24T15:38:57.754201,D4:22:CD:00:62:FD,h,30204490,0,,,,,,,,,,,,,,,,
2025-07-24T15:38:57.754201,D4:22:CD:00:62:FD,h,30204657,0,,,,,,,,,,,,,,,,
2025-07-24T15:38:57.786426,D4:22:CD:00:62:FD,h,30204824,0,,,,,,,,,,,,,,,,
2025-07-24T15:38:57.786426,D4:22:CD:00:62:FD,h,30204990,0,,,,,,,,,,,,,,,,
2025-07-24T15:38:57.818036,D4:22:CD:00:62:FD,h,30205157,0,,,,,,,,,,,,,,,,
2025-07-24T15:38:57.818036,D4:22:CD:00:62:FD,h,30205324,0,,,,,,,,,,,,,,,,
2025-07-24T15:38:57.849794,D4:22:CD:00:62:FD,h,30205490,0,,,,,,,,,,,,,,,,
2025-07-24T15:38:57.897507,D4:22:CD:00:62:FD,h,30205657,0,,,,,,,,,,,,,,,,
2025-07-24T15:38:57.897507,D4:22:CD:00:62:FD,h,30205824,0,,,,,,,,,,,,,,,,
2025-07-24T15:38:57.913472,D4:22:CD:00:62:FD,h,30205990,0,,,,,,,,,,,,,,,,
2025-07-24T15:38:57.913472,D4:22:CD:00:62:FD,h,30206157,0,,,,,,,,,,,,,,,,
2025-07-24T15:38:57.945432,D4:22:CD:00:62:FD,h,30206324,0,,,,,,,,,,,,,,,,
2025-07-24T15:38:57.945432,D4:22:CD:00:62:FD,h,30206490,0,,,,,,,,,,,,,,,,
2025-07-24T15:38:57.961156,D4:22:CD:00:62:FD,h,30206657,0,,,,,,,,,,,,,,,,
2025-07-24T15:38:57.979019,D4:22:CD:00:62:FD,h,30206824,0,,,,,,,,,,,,,,,,
2025-07-24T15:38:57.994740,D4:22:CD:00:62:FD,h,30206990,0,,,,,,,,,,,,,,,,
2025-07-24T15:38:58.036356,D4:22:CD:00:62:FD,h,30207157,0,,,,,,,,,,,,,,,,
2025-07-24T15:38:58.072229,D4:22:CD:00:62:FD,h,30207324,0,,,,,,,,,,,,,,,,
2025-07-24T15:38:58.072229,D4:22:CD:00:62:FD,h,30207491,0,,,,,,,,,,,,,,,,
2025-07-24T15:38:58.103923,D4:22:CD:00:62:FD,h,30207657,0,,,,,,,,,,,,,,,,
2025-07-24T15:38:58.103923,D4:22:CD:00:62:FD,h,30207824,0,,,,,,,,,,,,,,,,
2025-07-24T15:38:58.126060,D4:22:CD:00:62:FD,h,30207991,0,,,,,,,,,,,,,,,,
2025-07-24T15:38:58.126060,D4:22:CD:00:62:FD,h,30208157,0,,,,,,,,,,,,,,,,
2025-07-24T15:38:58.151683,D4:22:CD:00:62:FD,h,30208324,0,,,,,,,,,,,,,,,,
2025-07-24T15:38:58.151683,D4:22:CD:00:62:FD,h,30208491,0,,,,,,,,,,,,,,,,
2025-07-24T15:38:58.183153,D4:22:CD:00:62:FD,h,30208657,0,,,,,,,,,,,,,,,,
2025-07-24T15:38:58.183153,D4:22:CD:00:62:FD,h,30208824,0,,,,,,,,,,,,,,,,
2025-07-24T15:38:58.198797,D4:22:CD:00:62:FD,h,30208991,0,,,,,,,,,,,,,,,,
2025-07-24T15:38:58.230300,D4:22:CD:00:62:FD,h,30209157,0,,,,,,,,,,,,,,,,
2025-07-24T15:38:58.230300,D4:22:CD:00:62:FD,h,30209324,0,,,,,,,,,,,,,,,,
2025-07-24T15:38:58.262059,D4:22:CD:00:62:FD,h,30209491,0,,,,,,,,,,,,,,,,
2025-07-24T15:38:58.262059,D4:22:CD:00:62:FD,h,30209657,0,,,,,,,,,,,,,,,,
2025-07-24T15:38:58.294073,D4:22:CD:00:62:FD,h,30209824,0,,,,,,,,,,,,,,,,
2025-07-24T15:38:58.294073,D4:22:CD:00:62:FD,h,30209991,0,,,,,,,,,,,,,,,,
2025-07-24T15:38:58.326110,D4:22:CD:00:62:FD,h,30210157,0,,,,,,,,,,,,,,,,
2025-07-24T15:38:58.326110,D4:22:CD:00:62:FD,h,30210324,0,,,,,,,,,,,,,,,,
2025-07-24T15:38:58.357279,D4:22:CD:00:62:FD,h,30210491,0,,,,,,,,,,,,,,,,
2025-07-24T15:38:58.389477,D4:22:CD:00:62:FD,h,30210657,0,,,,,,,,,,,,,,,,
2025-07-24T15:38:58.389477,D4:22:CD:00:62:FD,h,30210824,0,,,,,,,,,,,,,,,,
2025-07-24T15:38:58.421372,D4:22:CD:00:62:FD,h,30210991,0,,,,,,,,,,,,,,,,
2025-07-24T15:38:58.421372,D4:22:CD:00:62:FD,h,30211157,0,,,,,,,,,,,,,,,,
2025-07-24T15:38:58.437358,D4:22:CD:00:62:FD,h,30211324,0,,,,,,,,,,,,,,,,
2025-07-24T15:38:58.453309,D4:22:CD:00:62:FD,h,30211491,0,,,,,,,,,,,,,,,,
2025-07-24T15:38:58.469042,D4:22:CD:00:62:FD,h,30211657,0,,,,,,,,,,,,,,,,
2025-07-24T15:38:58.469042,D4:22:CD:00:62:FD,h,30211824,0,,,,,,,,,,,,,,,,
2025-07-24T15:38:58.500442,D4:22:CD:00:62:FD,h,30211991,0,,,,,,,,,,,,,,,,
2025-07-24T15:38:58.532394,D4:22:CD:00:62:FD,h,30212157,0,,,,,,,,,,,,,,,,
2025-07-24T15:38:58.532394,D4:22:CD:00:62:FD,h,30212324,0,,,,,,,,,,,,,,,,
2025-07-24T15:38:58.563870,D4:22:CD:00:62:FD,h,30212491,0,,,,,,,,,,,,,,,,
2025-07-24T15:38:58.563870,D4:22:CD:00:62:FD,h,30212657,0,,,,,,,,,,,,,,,,
2025-07-24T15:38:58.595746,D4:22:CD:00:62:FD,h,30212824,0,,,,,,,,,,,,,,,,
2025-07-24T15:38:58.595746,D4:22:CD:00:62:FD,h,30212991,0,,,,,,,,,,,,,,,,
2025-07-24T15:38:58.627668,D4:22:CD:00:62:FD,h,30213157,0,,,,,,,,,,,,,,,,
2025-07-24T15:38:58.627668,D4:22:CD:00:62:FD,h,30213324,0,,,,,,,,,,,,,,,,
2025-07-24T15:38:58.659709,D4:22:CD:00:62:FD,h,30213491,0,,,,,,,,,,,,,,,,
2025-07-24T15:38:58.659709,D4:22:CD:00:62:FD,h,30213657,0,,,,,,,,,,,,,,,,
2025-07-24T15:38:58.691731,D4:22:CD:00:62:FD,h,30213824,0,,,,,,,,,,,,,,,,
2025-07-24T15:38:58.723435,D4:22:CD:00:62:FD,h,30213991,0,,,,,,,,,,,,,,,,
2025-07-24T15:38:58.723435,D4:22:CD:00:62:FD,h,30214157,0,,,,,,,,,,,,,,,,
2025-07-24T15:38:58.739526,D4:22:CD:00:62:FD,h,30214324,0,,,,,,,,,,,,,,,,
2025-07-24T15:38:58.771273,D4:22:CD:00:62:FD,h,30214491,0,,,,,,,,,,,,,,,,
2025-07-24T15:38:58.771273,D4:22:CD:00:62:FD,h,30214657,0,,,,,,,,,,,,,,,,
2025-07-24T15:38:58.803130,D4:22:CD:00:62:FD,h,30214824,0,,,,,,,,,,,,,,,,
2025-07-24T15:38:58.803130,D4:22:CD:00:62:FD,h,30214991,0,,,,,,,,,,,,,,,,
2025-07-24T15:38:58.835247,D4:22:CD:00:62:FD,h,30215157,0,,,,,,,,,,,,,,,,
2025-07-24T15:38:58.835247,D4:22:CD:00:62:FD,h,30215324,0,,,,,,,,,,,,,,,,
2025-07-24T15:38:58.867229,D4:22:CD:00:62:FD,h,30215491,0,,,,,,,,,,,,,,,,
2025-07-24T15:38:58.898907,D4:22:CD:00:62:FD,h,30215657,0,,,,,,,,,,,,,,,,
2025-07-24T15:38:58.898907,D4:22:CD:00:62:FD,h,30215824,0,,,,,,,,,,,,,,,,
2025-07-24T15:38:58.930418,D4:22:CD:00:62:FD,h,30215991,0,,,,,,,,,,,,,,,,
2025-07-24T15:38:58.930418,D4:22:CD:00:62:FD,h,30216157,0,,,,,,,,,,,,,,,,
2025-07-24T15:38:58.962438,D4:22:CD:00:62:FD,h,30216324,0,,,,,,,,,,,,,,,,
2025-07-24T15:38:58.962438,D4:22:CD:00:62:FD,h,30216491,0,,,,,,,,,,,,,,,,
2025-07-24T15:38:58.978104,D4:22:CD:00:62:FD,h,30216657,0,,,,,,,,,,,,,,,,
2025-07-24T15:38:58.978104,D4:22:CD:00:62:FD,h,30216824,0,,,,,,,,,,,,,,,,
2025-07-24T15:38:59.009359,D4:22:CD:00:62:FD,h,30216991,0,,,,,,,,,,,,,,,,
2025-07-24T15:38:59.041064,D4:22:CD:00:62:FD,h,30217157,0,,,,,,,,,,,,,,,,
2025-07-24T15:38:59.072601,D4:22:CD:00:62:FD,h,30217324,0,,,,,,,,,,,,,,,,
2025-07-24T15:38:59.072601,D4:22:CD:00:62:FD,h,30217491,0,,,,,,,,,,,,,,,,
2025-07-24T15:38:59.104613,D4:22:CD:00:62:FD,h,30217657,0,,,,,,,,,,,,,,,,
2025-07-24T15:38:59.104613,D4:22:CD:00:62:FD,h,30217824,0,,,,,,,,,,,,,,,,
2025-07-24T15:38:59.136050,D4:22:CD:00:62:FD,h,30217991,0,,,,,,,,,,,,,,,,
2025-07-24T15:38:59.136050,D4:22:CD:00:62:FD,h,30218157,0,,,,,,,,,,,,,,,,
2025-07-24T15:38:59.167835,D4:22:CD:00:62:FD,h,30218324,0,,,,,,,,,,,,,,,,
2025-07-24T15:38:59.167835,D4:22:CD:00:62:FD,h,30218491,0,,,,,,,,,,,,,,,,
2025-07-24T15:38:59.199432,D4:22:CD:00:62:FD,h,30218657,0,,,,,,,,,,,,,,,,
2025-07-24T15:38:59.199432,D4:22:CD:00:62:FD,h,30218824,0,,,,,,,,,,,,,,,,
2025-07-24T15:38:59.231204,D4:22:CD:00:62:FD,h,30218991,0,,,,,,,,,,,,,,,,
2025-07-24T15:38:59.231204,D4:22:CD:00:62:FD,h,30219157,0,,,,,,,,,,,,,,,,
2025-07-24T15:38:59.262826,D4:22:CD:00:62:FD,h,30219324,0,,,,,,,,,,,,,,,,
2025-07-24T15:38:59.262826,D4:22:CD:00:62:FD,h,30219491,0,,,,,,,,,,,,,,,,
2025-07-24T15:38:59.278643,D4:22:CD:00:62:FD,h,30219657,0,,,,,,,,,,,,,,,,
2025-07-24T15:38:59.294379,D4:22:CD:00:62:FD,h,30219824,0,,,,,,,,,,,,,,,,
2025-07-24T15:38:59.310102,D4:22:CD:00:62:FD,h,30219991,0,,,,,,,,,,,,,,,,
2025-07-24T15:38:59.326221,D4:22:CD:00:62:FD,h,30220157,0,,,,,,,,,,,,,,,,
2025-07-24T15:38:59.342289,D4:22:CD:00:62:FD,h,30220324,0,,,,,,,,,,,,,,,,
2025-07-24T15:38:59.373929,D4:22:CD:00:62:FD,h,30220491,0,,,,,,,,,,,,,,,,
2025-07-24T15:38:59.373929,D4:22:CD:00:62:FD,h,30220657,0,,,,,,,,,,,,,,,,
2025-07-24T15:38:59.405963,D4:22:CD:00:62:FD,h,30220824,0,,,,,,,,,,,,,,,,
2025-07-24T15:38:59.405963,D4:22:CD:00:62:FD,h,30220991,0,,,,,,,,,,,,,,,,
2025-07-24T15:38:59.438008,D4:22:CD:00:62:FD,h,30221157,0,,,,,,,,,,,,,,,,
2025-07-24T15:38:59.438008,D4:22:CD:00:62:FD,h,30221324,0,,,,,,,,,,,,,,,,
2025-07-24T15:38:59.469780,D4:22:CD:00:62:FD,h,30221491,0,,,,,,,,,,,,,,,,
2025-07-24T15:38:59.469780,D4:22:CD:00:62:FD,h,30221657,0,,,,,,,,,,,,,,,,
2025-07-24T15:38:59.512369,D4:22:CD:00:62:FD,h,30221824,0,,,,,,,,,,,,,,,,
2025-07-24T15:38:59.532933,D4:22:CD:00:62:FD,h,30221991,0,,,,,,,,,,,,,,,,
2025-07-24T15:38:59.532933,D4:22:CD:00:62:FD,h,30222157,0,,,,,,,,,,,,,,,,
2025-07-24T15:38:59.580556,D4:22:CD:00:62:FD,h,30222324,0,,,,,,,,,,,,,,,,
2025-07-24T15:38:59.580556,D4:22:CD:00:62:FD,h,30222491,0,,,,,,,,,,,,,,,,
2025-07-24T15:38:59.580556,D4:22:CD:00:62:FD,h,30222657,0,,,,,,,,,,,,,,,,
2025-07-24T15:38:59.580556,D4:22:CD:00:62:FD,h,30222824,0,,,,,,,,,,,,,,,,
2025-07-24T15:38:59.620935,D4:22:CD:00:62:FD,h,30222991,0,,,,,,,,,,,,,,,,
2025-07-24T15:38:59.620935,D4:22:CD:00:62:FD,h,30223157,0,,,,,,,,,,,,,,,,
2025-07-24T15:38:59.643587,D4:22:CD:00:62:FD,h,30223324,0,,,,,,,,,,,,,,,,
2025-07-24T15:38:59.643587,D4:22:CD:00:62:FD,h,30223491,0,,,,,,,,,,,,,,,,
2025-07-24T15:38:59.685631,D4:22:CD:00:62:FD,h,30223657,0,,,,,,,,,,,,,,,,
2025-07-24T15:38:59.719830,D4:22:CD:00:62:FD,h,30223824,0,,,,,,,,,,,,,,,,
2025-07-24T15:38:59.742409,D4:22:CD:00:62:FD,h,30223991,0,,,,,,,,,,,,,,,,
2025-07-24T15:38:59.769942,D4:22:CD:00:62:FD,h,30224158,0,,,,,,,,,,,,,,,,
2025-07-24T15:38:59.769942,D4:22:CD:00:62:FD,h,30224324,0,,,,,,,,,,,,,,,,
2025-07-24T15:38:59.808274,D4:22:CD:00:62:FD,h,30224491,0,,,,,,,,,,,,,,,,
2025-07-24T15:38:59.808274,D4:22:CD:00:62:FD,h,30224658,0,,,,,,,,,,,,,,,,
2025-07-24T15:38:59.818324,D4:22:CD:00:62:FD,h,30224824,0,,,,,,,,,,,,,,,,
2025-07-24T15:38:59.836120,D4:22:CD:00:62:FD,h,30224991,0,,,,,,,,,,,,,,,,
2025-07-24T15:38:59.849770,D4:22:CD:00:62:FD,h,30225158,0,,,,,,,,,,,,,,,,
2025-07-24T15:38:59.881241,D4:22:CD:00:62:FD,h,30225324,0,,,,,,,,,,,,,,,,
2025-07-24T15:38:59.881241,D4:22:CD:00:62:FD,h,30225491,0,,,,,,,,,,,,,,,,
2025-07-24T15:38:59.913112,D4:22:CD:00:62:FD,h,30225658,0,,,,,,,,,,,,,,,,
2025-07-24T15:38:59.913112,D4:22:CD:00:62:FD,h,30225824,0,,,,,,,,,,,,,,,,
2025-07-24T15:38:59.944737,D4:22:CD:00:62:FD,h,30225991,0,,,,,,,,,,,,,,,,
2025-07-24T15:38:59.944737,D4:22:CD:00:62:FD,h,30226158,0,,,,,,,,,,,,,,,,
2025-07-24T15:38:59.976551,D4:22:CD:00:62:FD,h,30226324,0,,,,,,,,,,,,,,,,
2025-07-24T15:38:59.976551,D4:22:CD:00:62:FD,h,30226491,0,,,,,,,,,,,,,,,,
2025-07-24T15:39:00.008292,D4:22:CD:00:62:FD,h,30226658,0,,,,,,,,,,,,,,,,
2025-07-24T15:39:00.008292,D4:22:CD:00:62:FD,h,30226824,0,,,,,,,,,,,,,,,,
2025-07-24T15:39:00.040140,D4:22:CD:00:62:FD,h,30226991,0,,,,,,,,,,,,,,,,
2025-07-24T15:39:00.040140,D4:22:CD:00:62:FD,h,30227158,0,,,,,,,,,,,,,,,,
2025-07-24T15:39:00.071699,D4:22:CD:00:62:FD,h,30227324,0,,,,,,,,,,,,,,,,
2025-07-24T15:39:00.071699,D4:22:CD:00:62:FD,h,30227491,0,,,,,,,,,,,,,,,,
2025-07-24T15:39:00.087389,D4:22:CD:00:62:FD,h,30227658,0,,,,,,,,,,,,,,,,
2025-07-24T15:39:00.102910,D4:22:CD:00:62:FD,h,30227824,0,,,,,,,,,,,,,,,,
2025-07-24T15:39:00.118940,D4:22:CD:00:62:FD,h,30227991,0,,,,,,,,,,,,,,,,
2025-07-24T15:39:00.118940,D4:22:CD:00:62:FD,h,30228158,0,,,,,,,,,,,,,,,,
2025-07-24T15:39:00.152458,D4:22:CD:00:62:FD,h,30228324,0,,,,,,,,,,,,,,,,
2025-07-24T15:39:00.182261,D4:22:CD:00:62:FD,h,30228491,0,,,,,,,,,,,,,,,,
2025-07-24T15:39:00.182261,D4:22:CD:00:62:FD,h,30228658,0,,,,,,,,,,,,,,,,
2025-07-24T15:39:00.214003,D4:22:CD:00:62:FD,h,30228824,0,,,,,,,,,,,,,,,,
2025-07-24T15:39:00.214003,D4:22:CD:00:62:FD,h,30228991,0,,,,,,,,,,,,,,,,
2025-07-24T15:39:00.277630,D4:22:CD:00:62:FD,h,30229158,0,,,,,,,,,,,,,,,,
2025-07-24T15:39:00.309536,D4:22:CD:00:62:FD,h,30229324,0,,,,,,,,,,,,,,,,
2025-07-24T15:39:00.341708,D4:22:CD:00:62:FD,h,30229491,0,,,,,,,,,,,,,,,,
2025-07-24T15:39:00.341708,D4:22:CD:00:62:FD,h,30229658,0,,,,,,,,,,,,,,,,
2025-07-24T15:39:00.373463,D4:22:CD:00:62:FD,h,30229824,0,,,,,,,,,,,,,,,,
2025-07-24T15:39:00.373463,D4:22:CD:00:62:FD,h,30229991,0,,,,,,,,,,,,,,,,
2025-07-24T15:39:00.389193,D4:22:CD:00:62:FD,h,30230158,0,,,,,,,,,,,,,,,,
2025-07-24T15:39:00.420743,D4:22:CD:00:62:FD,h,30230324,0,,,,,,,,,,,,,,,,
2025-07-24T15:39:00.452273,D4:22:CD:00:62:FD,h,30230491,0,,,,,,,,,,,,,,,,
2025-07-24T15:39:00.452273,D4:22:CD:00:62:FD,h,30230658,0,,,,,,,,,,,,,,,,
2025-07-24T15:39:00.484184,D4:22:CD:00:62:FD,h,30230824,0,,,,,,,,,,,,,,,,
2025-07-24T15:39:00.484184,D4:22:CD:00:62:FD,h,30230991,0,,,,,,,,,,,,,,,,
2025-07-24T15:39:00.515940,D4:22:CD:00:62:FD,h,30231158,0,,,,,,,,,,,,,,,,
2025-07-24T15:39:00.515940,D4:22:CD:00:62:FD,h,30231324,0,,,,,,,,,,,,,,,,
2025-07-24T15:39:00.547933,D4:22:CD:00:62:FD,h,30231491,0,,,,,,,,,,,,,,,,
2025-07-24T15:39:00.547933,D4:22:CD:00:62:FD,h,30231658,0,,,,,,,,,,,,,,,,
2025-07-24T15:39:00.579556,D4:22:CD:00:62:FD,h,30231824,0,,,,,,,,,,,,,,,,
2025-07-24T15:39:00.611093,D4:22:CD:00:62:FD,h,30231991,0,,,,,,,,,,,,,,,,
2025-07-24T15:39:00.611093,D4:22:CD:00:62:FD,h,30232158,0,,,,,,,,,,,,,,,,
2025-07-24T15:39:00.627052,D4:22:CD:00:62:FD,h,30232324,0,,,,,,,,,,,,,,,,
2025-07-24T15:39:00.642810,D4:22:CD:00:62:FD,h,30232491,0,,,,,,,,,,,,,,,,
2025-07-24T15:39:00.658666,D4:22:CD:00:62:FD,h,30232658,0,,,,,,,,,,,,,,,,
2025-07-24T15:39:00.674532,D4:22:CD:00:62:FD,h,30232824,0,,,,,,,,,,,,,,,,
2025-07-24T15:39:00.690253,D4:22:CD:00:62:FD,h,30232991,0,,,,,,,,,,,,,,,,
2025-07-24T15:39:00.690253,D4:22:CD:00:62:FD,h,30233158,0,,,,,,,,,,,,,,,,
2025-07-24T15:39:00.722291,D4:22:CD:00:62:FD,h,30233324,0,,,,,,,,,,,,,,,,
2025-07-24T15:39:00.754341,D4:22:CD:00:62:FD,h,30233491,0,,,,,,,,,,,,,,,,
2025-07-24T15:39:00.754341,D4:22:CD:00:62:FD,h,30233658,0,,,,,,,,,,,,,,,,
2025-07-24T15:39:00.786302,D4:22:CD:00:62:FD,h,30233824,0,,,,,,,,,,,,,,,,
2025-07-24T15:39:00.786302,D4:22:CD:00:62:FD,h,30233991,0,,,,,,,,,,,,,,,,
2025-07-24T15:39:00.818110,D4:22:CD:00:62:FD,h,30234158,0,,,,,,,,,,,,,,,,
2025-07-24T15:39:00.818110,D4:22:CD:00:62:FD,h,30234324,0,,,,,,,,,,,,,,,,
2025-07-24T15:39:00.849197,D4:22:CD:00:62:FD,h,30234491,0,,,,,,,,,,,,,,,,
2025-07-24T15:39:00.849197,D4:22:CD:00:62:FD,h,30234658,0,,,,,,,,,,,,,,,,
2025-07-24T15:39:00.880829,D4:22:CD:00:62:FD,h,30234824,0,,,,,,,,,,,,,,,,
2025-07-24T15:39:00.880829,D4:22:CD:00:62:FD,h,30234991,0,,,,,,,,,,,,,,,,
2025-07-24T15:39:00.912342,D4:22:CD:00:62:FD,h,30235158,0,,,,,,,,,,,,,,,,
2025-07-24T15:39:00.912342,D4:22:CD:00:62:FD,h,30235324,0,,,,,,,,,,,,,,,,
2025-07-24T15:39:00.944086,D4:22:CD:00:62:FD,h,30235491,0,,,,,,,,,,,,,,,,
2025-07-24T15:39:00.944086,D4:22:CD:00:62:FD,h,30235658,0,,,,,,,,,,,,,,,,
2025-07-24T15:39:00.976358,D4:22:CD:00:62:FD,h,30235824,0,,,,,,,,,,,,,,,,
2025-07-24T15:39:00.976358,D4:22:CD:00:62:FD,h,30235991,0,,,,,,,,,,,,,,,,
2025-07-24T15:39:00.992147,D4:22:CD:00:62:FD,h,30236158,0,,,,,,,,,,,,,,,,
2025-07-24T15:39:00.992147,D4:22:CD:00:62:FD,h,30236324,0,,,,,,,,,,,,,,,,
2025-07-24T15:39:01.040132,D4:22:CD:00:62:FD,h,30236491,0,,,,,,,,,,,,,,,,
2025-07-24T15:39:01.088183,D4:22:CD:00:62:FD,h,30236658,0,,,,,,,,,,,,,,,,
2025-07-24T15:39:01.088183,D4:22:CD:00:62:FD,h,30236824,0,,,,,,,,,,,,,,,,
