DeviceTag: 2,FirmwareVersion: 3.0.0,AppVersion: 2023.6.0,SyncStatus: Unknown (Synced/Un-synced),OutputRate: 60,FilterProfile: Unknown,Measurement Mode: Sensor fusion Mode - Extended (Euler),StartTime: 2025-07-23 20:35:06.172,Â© Movella Technologies B.V. 2005-2025
SampleTimeFine,Quat_W,Quat_X,Quat_Y,Quat_Z,FreeAcc_X,FreeAcc_Y,FreeAcc_Z,Status
257064,0.2686,-0.0137,-0.0081,0.9631,-0.0065,-0.0006,1.0738,0
257231,0.2692,-0.0138,-0.0084,0.9629,-0.0071,-0.0055,1.0903,0
257398,0.2692,-0.0138,-0.0086,0.9630,-0.0126,-0.0053,1.0879,0
257564,0.2689,-0.0139,-0.0089,0.9630,-0.0101,0.0101,1.0732,0
257731,0.2690,-0.0139,-0.0092,0.9630,-0.0238,-0.0064,1.0933,0
257898,0.2687,-0.0139,-0.0094,0.9631,-0.0167,-0.0215,1.0963,0
258064,0.2688,-0.0139,-0.0097,0.9631,-0.0224,-0.0289,1.0869,0
258231,0.2686,-0.0140,-0.0098,0.9631,-0.0131,-0.0284,1.0943,0
258398,0.2685,-0.0140,-0.0100,0.9631,-0.0429,-0.0387,1.1194,0
258564,0.2685,-0.0141,-0.0102,0.9631,-0.0251,-0.0386,1.0773,0
258731,0.2684,-0.0142,-0.0104,0.9631,-0.0237,-0.0442,1.1059,0
258898,0.2683,-0.0142,-0.0106,0.9632,-0.0413,-0.0358,1.0929,0
259064,0.2680,-0.0143,-0.0108,0.9633,-0.0388,-0.0450,1.0909,0
259231,0.2681,-0.0144,-0.0110,0.9632,-0.0398,-0.0341,1.0775,0
259398,0.2682,-0.0145,-0.0112,0.9632,-0.0313,-0.0494,1.0931,0
259564,0.2682,-0.0145,-0.0114,0.9632,-0.0514,-0.0612,1.1030,0
259731,0.2681,-0.0146,-0.0116,0.9632,-0.0524,-0.0599,1.0828,0
259898,0.2681,-0.0147,-0.0118,0.9632,-0.0528,-0.0424,1.0882,0
260064,0.2681,-0.0148,-0.0121,0.9632,-0.0649,-0.0800,1.0673,0
260231,0.2682,-0.0149,-0.0123,0.9632,-0.0583,-0.0828,1.0823,0
260398,0.2680,-0.0149,-0.0125,0.9632,-0.0595,-0.0824,1.0730,0
260564,0.2678,-0.0150,-0.0127,0.9633,-0.0638,-0.0863,1.0872,0
260731,0.2676,-0.0151,-0.0129,0.9633,-0.0676,-0.0818,1.0865,0
260898,0.2676,-0.0152,-0.0131,0.9633,-0.0639,-0.0912,1.0880,0
261064,0.2675,-0.0153,-0.0133,0.9633,-0.0816,-0.0888,1.0936,0
261231,0.2674,-0.0153,-0.0135,0.9634,-0.0646,-0.0866,1.1077,0
261398,0.2673,-0.0154,-0.0137,0.9634,-0.0700,-0.0965,1.0660,0
261564,0.2672,-0.0155,-0.0140,0.9634,-0.0906,-0.0921,1.0879,0
261731,0.2671,-0.0156,-0.0142,0.9634,-0.0741,-0.1069,1.0923,0
261898,0.2670,-0.0157,-0.0144,0.9635,-0.0835,-0.1133,1.0743,0
262064,0.2670,-0.0158,-0.0146,0.9635,-0.0973,-0.1113,1.0983,0
262231,0.2669,-0.0158,-0.0148,0.9635,-0.0844,-0.1271,1.0999,0
262398,0.2668,-0.0159,-0.0150,0.9635,-0.0878,-0.1236,1.1140,0
262564,0.2668,-0.0160,-0.0152,0.9635,-0.1036,-0.1340,1.1061,0
262731,0.2667,-0.0161,-0.0154,0.9635,-0.1060,-0.1165,1.0882,0
262898,0.2667,-0.0162,-0.0157,0.9635,-0.1017,-0.1275,1.0983,0
263064,0.2665,-0.0163,-0.0159,0.9636,-0.1082,-0.1409,1.0733,0
263231,0.2664,-0.0164,-0.0161,0.9636,-0.1197,-0.1402,1.0824,0
263398,0.2664,-0.0165,-0.0163,0.9636,-0.1259,-0.1457,1.0747,0
263564,0.2663,-0.0166,-0.0165,0.9636,-0.1067,-0.1588,1.0606,0
263731,0.2662,-0.0166,-0.0167,0.9636,-0.1390,-0.1469,1.0851,0
263898,0.2662,-0.0167,-0.0170,0.9636,-0.1080,-0.1462,1.0936,0
264064,0.2661,-0.0168,-0.0172,0.9636,-0.1344,-0.1497,1.0815,0
264231,0.2661,-0.0169,-0.0174,0.9636,-0.1298,-0.1540,1.0968,0
264398,0.2661,-0.0170,-0.0176,0.9636,-0.1333,-0.1709,1.0984,0
264564,0.2660,-0.0171,-0.0178,0.9636,-0.1487,-0.1753,1.0987,0
264731,0.2661,-0.0172,-0.0180,0.9636,-0.1408,-0.1801,1.0841,0
264898,0.2660,-0.0172,-0.0182,0.9636,-0.1479,-0.1769,1.0678,0
265064,0.2660,-0.0173,-0.0184,0.9636,-0.1374,-0.1940,1.0948,0
265231,0.2660,-0.0174,-0.0187,0.9636,-0.1568,-0.1914,1.0908,0
265398,0.2659,-0.0175,-0.0189,0.9637,-0.1463,-0.2082,1.1002,0
265564,0.2659,-0.0176,-0.0191,0.9637,-0.1479,-0.1982,1.0619,0
265731,0.2659,-0.0177,-0.0193,0.9636,-0.1665,-0.2028,1.0971,0
265898,0.2658,-0.0178,-0.0195,0.9637,-0.1748,-0.1937,1.0978,0
266064,0.2658,-0.0178,-0.0197,0.9637,-0.1729,-0.2096,1.0931,0
266231,0.2658,-0.0179,-0.0199,0.9637,-0.1646,-0.2026,1.0830,0
266398,0.2657,-0.0180,-0.0201,0.9637,-0.1725,-0.2267,1.0774,0
266564,0.2657,-0.0181,-0.0203,0.9637,-0.1804,-0.2295,1.0775,0
266731,0.2657,-0.0182,-0.0205,0.9637,-0.1773,-0.2182,1.0823,0
266898,0.2656,-0.0183,-0.0207,0.9637,-0.1712,-0.2295,1.0897,0
267064,0.2656,-0.0184,-0.0209,0.9637,-0.1874,-0.2296,1.0832,0
267231,0.2655,-0.0184,-0.0211,0.9637,-0.1860,-0.2215,1.0854,0
267398,0.2655,-0.0185,-0.0213,0.9637,-0.1854,-0.2363,1.1011,0
267564,0.2654,-0.0186,-0.0215,0.9637,-0.1822,-0.2413,1.0903,0
267731,0.2654,-0.0187,-0.0217,0.9637,-0.1982,-0.2576,1.0851,0
267898,0.2654,-0.0187,-0.0219,0.9637,-0.1993,-0.2646,1.0946,0
268064,0.2654,-0.0188,-0.0221,0.9637,-0.1975,-0.2349,1.0841,0
268231,0.2653,-0.0189,-0.0223,0.9637,-0.2159,-0.2569,1.0934,0
268398,0.2652,-0.0190,-0.0225,0.9637,-0.2056,-0.2678,1.0981,0
268565,0.2652,-0.0190,-0.0227,0.9638,-0.2067,-0.2625,1.1025,0
268731,0.2651,-0.0191,-0.0229,0.9637,-0.2159,-0.2646,1.0813,0
268898,0.2651,-0.0192,-0.0231,0.9637,-0.2094,-0.2645,1.0974,0
269065,0.2651,-0.0193,-0.0232,0.9637,-0.2083,-0.2836,1.0641,0
269231,0.2650,-0.0194,-0.0234,0.9638,-0.2183,-0.2846,1.0654,0
269398,0.2651,-0.0194,-0.0236,0.9637,-0.2223,-0.2888,1.0677,0
269565,0.2650,-0.0195,-0.0238,0.9637,-0.2232,-0.2864,1.0881,0
269731,0.2650,-0.0196,-0.0240,0.9637,-0.2277,-0.2855,1.0686,0
269898,0.2650,-0.0197,-0.0242,0.9637,-0.2341,-0.2972,1.0816,0
270065,0.2650,-0.0197,-0.0243,0.9637,-0.2254,-0.3135,1.0850,0
270231,0.2650,-0.0198,-0.0245,0.9637,-0.2363,-0.2797,1.0867,0
270398,0.2650,-0.0199,-0.0247,0.9637,-0.2420,-0.3049,1.0765,0
270565,0.2649,-0.0200,-0.0249,0.9637,-0.2432,-0.3115,1.0962,0
270731,0.2649,-0.0201,-0.0250,0.9637,-0.2452,-0.3093,1.0855,0
270898,0.2648,-0.0201,-0.0252,0.9638,-0.2475,-0.3052,1.0725,0
271065,0.2648,-0.0202,-0.0253,0.9638,-0.2482,-0.3200,1.0864,0
271231,0.2648,-0.0203,-0.0255,0.9638,-0.2435,-0.3171,1.0688,0
271398,0.2647,-0.0203,-0.0257,0.9638,-0.2377,-0.3210,1.0697,0
271565,0.2647,-0.0204,-0.0258,0.9638,-0.2621,-0.3306,1.0941,0
271731,0.2647,-0.0205,-0.0260,0.9638,-0.2576,-0.3367,1.0815,0
271898,0.2647,-0.0205,-0.0261,0.9638,-0.2452,-0.3292,1.0926,0
272065,0.2647,-0.0206,-0.0263,0.9638,-0.2594,-0.3339,1.1046,0
272231,0.2646,-0.0206,-0.0264,0.9638,-0.2627,-0.3395,1.0847,0
272398,0.2646,-0.0207,-0.0266,0.9638,-0.2711,-0.3392,1.0747,0
272565,0.2646,-0.0208,-0.0268,0.9638,-0.2768,-0.3461,1.0938,0
272731,0.2645,-0.0208,-0.0269,0.9638,-0.2728,-0.3372,1.0633,0
272898,0.2645,-0.0209,-0.0271,0.9638,-0.2756,-0.3477,1.0972,0
273065,0.2644,-0.0209,-0.0272,0.9638,-0.2795,-0.3512,1.0714,0
273231,0.2644,-0.0210,-0.0273,0.9638,-0.2740,-0.3480,1.1178,0
273398,0.2644,-0.0210,-0.0275,0.9638,-0.2726,-0.3569,1.0615,0
273565,0.2644,-0.0211,-0.0276,0.9638,-0.2764,-0.3560,1.0678,0
273731,0.2644,-0.0211,-0.0277,0.9638,-0.2934,-0.3614,1.0940,0
273898,0.2643,-0.0212,-0.0279,0.9638,-0.2819,-0.3526,1.0724,0
274065,0.2642,-0.0212,-0.0280,0.9638,-0.2762,-0.3565,1.0565,0
274231,0.2641,-0.0213,-0.0281,0.9638,-0.2955,-0.3688,1.0839,0
274398,0.2640,-0.0213,-0.0282,0.9639,-0.2915,-0.3537,1.0808,0
274565,0.2640,-0.0214,-0.0284,0.9639,-0.2903,-0.3628,1.0768,0
274731,0.2640,-0.0214,-0.0285,0.9639,-0.2952,-0.3632,1.1033,0
274898,0.2639,-0.0214,-0.0286,0.9639,-0.2884,-0.3846,1.0766,0
275065,0.2639,-0.0215,-0.0287,0.9639,-0.2984,-0.3780,1.0629,0
275231,0.2639,-0.0215,-0.0288,0.9639,-0.2980,-0.3733,1.0958,0
275398,0.2639,-0.0216,-0.0289,0.9639,-0.2997,-0.3778,1.0759,0
275565,0.2638,-0.0216,-0.0290,0.9639,-0.2948,-0.3837,1.0791,0
275731,0.2638,-0.0217,-0.0291,0.9639,-0.2915,-0.3847,1.0935,0
275898,0.2638,-0.0217,-0.0292,0.9639,-0.3296,-0.3807,1.1053,0
276065,0.2638,-0.0217,-0.0293,0.9639,-0.2981,-0.3796,1.0634,0
276231,0.2638,-0.0218,-0.0294,0.9639,-0.3064,-0.3882,1.0725,0
276398,0.2638,-0.0218,-0.0295,0.9639,-0.3083,-0.3953,1.0698,0
276565,0.2637,-0.0219,-0.0296,0.9639,-0.3016,-0.3938,1.0822,0
276731,0.2636,-0.0219,-0.0297,0.9639,-0.3080,-0.3873,1.0827,0
276898,0.2656,-0.0127,-0.0074,0.9640,-0.0038,0.0184,1.0952,0
277065,0.2656,-0.0127,-0.0074,0.9640,0.0073,0.0182,1.0934,0
277231,0.2657,-0.0127,-0.0074,0.9639,0.0165,0.0238,1.1091,0
277398,0.2658,-0.0127,-0.0074,0.9639,0.0175,0.0133,1.0742,0
277565,0.2658,-0.0127,-0.0074,0.9639,0.0129,0.0174,1.0874,0
277731,0.2659,-0.0127,-0.0074,0.9639,0.0140,0.0197,1.0735,0
277898,0.2659,-0.0127,-0.0074,0.9639,0.0204,0.0133,1.1069,0
278065,0.2659,-0.0127,-0.0074,0.9639,0.0049,0.0166,1.0879,0
278231,0.2660,-0.0127,-0.0074,0.9639,0.0118,0.0320,1.0733,0
278398,0.2661,-0.0127,-0.0074,0.9638,0.0030,0.0084,1.0926,0
278565,0.2661,-0.0126,-0.0074,0.9638,0.0162,0.0274,1.1068,0
278731,0.2661,-0.0126,-0.0074,0.9638,0.0019,0.0135,1.0949,0
278898,0.2662,-0.0126,-0.0074,0.9638,0.0003,0.0109,1.0895,0
279065,0.2663,-0.0126,-0.0074,0.9638,0.0115,0.0021,1.0842,0
279231,0.2663,-0.0126,-0.0074,0.9638,0.0134,0.0083,1.1062,0
279398,0.2664,-0.0126,-0.0074,0.9638,0.0033,0.0183,1.0687,0
279565,0.2664,-0.0126,-0.0074,0.9637,0.0039,0.0071,1.1002,0
279731,0.2665,-0.0126,-0.0074,0.9637,0.0186,0.0228,1.0669,0
279898,0.2665,-0.0126,-0.0074,0.9637,0.0234,0.0287,1.1012,0
280065,0.2666,-0.0126,-0.0074,0.9637,0.0026,0.0107,1.0665,0
280231,0.2666,-0.0126,-0.0074,0.9637,0.0091,0.0105,1.0843,0
280398,0.2667,-0.0126,-0.0074,0.9637,-0.0003,0.0205,1.0796,0
280565,0.2667,-0.0126,-0.0074,0.9637,0.0130,0.0228,1.0819,0
280731,0.2668,-0.0126,-0.0074,0.9637,0.0146,0.0175,1.0772,0
280898,0.2668,-0.0126,-0.0074,0.9636,0.0174,0.0235,1.1030,0
281065,0.2668,-0.0126,-0.0074,0.9636,0.0129,0.0156,1.0927,0
281231,0.2669,-0.0126,-0.0074,0.9636,0.0074,0.0180,1.0805,0
281398,0.2669,-0.0126,-0.0074,0.9636,0.0120,0.0284,1.0733,0
281565,0.2669,-0.0126,-0.0074,0.9636,0.0194,0.0203,1.0881,0
281731,0.2670,-0.0126,-0.0074,0.9636,0.0009,0.0218,1.0992,0
281898,0.2670,-0.0126,-0.0074,0.9636,0.0192,0.0156,1.0831,0
282065,0.2670,-0.0126,-0.0074,0.9636,0.0239,0.0050,1.1059,0
282231,0.2670,-0.0126,-0.0074,0.9636,0.0221,0.0030,1.1033,0
282398,0.2670,-0.0126,-0.0074,0.9636,0.0133,0.0109,1.1005,0
282565,0.2671,-0.0126,-0.0074,0.9636,0.0238,0.0244,1.0856,0
282731,0.2671,-0.0126,-0.0074,0.9636,0.0080,0.0129,1.1015,0
282898,0.2671,-0.0126,-0.0074,0.9635,0.0281,0.0254,1.0941,0
283065,0.2672,-0.0126,-0.0074,0.9635,0.0182,0.0255,1.1030,0
283231,0.2672,-0.0126,-0.0074,0.9635,-0.0080,0.0161,1.0755,0
283398,0.2672,-0.0126,-0.0074,0.9635,0.0083,0.0228,1.1108,0
283565,0.2672,-0.0126,-0.0074,0.9635,0.0129,0.0116,1.0675,0
283731,0.2673,-0.0126,-0.0074,0.9635,0.0153,0.0159,1.1254,0
283898,0.2673,-0.0126,-0.0074,0.9635,0.0074,0.0220,1.1078,0
284065,0.2673,-0.0126,-0.0074,0.9635,0.0138,0.0091,1.0814,0
284231,0.2673,-0.0126,-0.0074,0.9635,0.0144,0.0187,1.0974,0
284398,0.2673,-0.0126,-0.0074,0.9635,0.0130,0.0103,1.1008,0
284565,0.2674,-0.0126,-0.0074,0.9635,0.0116,0.0301,1.0808,0
284731,0.2674,-0.0126,-0.0074,0.9635,0.0240,0.0171,1.0878,0
284898,0.2674,-0.0126,-0.0074,0.9635,0.0210,0.0075,1.0925,0
285065,0.2674,-0.0126,-0.0074,0.9635,0.0183,0.0051,1.0926,0
285232,0.2674,-0.0126,-0.0074,0.9635,0.0210,0.0329,1.0896,0
285398,0.2675,-0.0126,-0.0074,0.9635,0.0196,0.0326,1.0995,0
285565,0.2675,-0.0126,-0.0074,0.9635,0.0230,0.0168,1.1038,0
285732,0.2675,-0.0126,-0.0074,0.9634,0.0189,0.0097,1.1030,0
285898,0.2675,-0.0126,-0.0074,0.9634,-0.0075,0.0166,1.0946,0
286065,0.2675,-0.0126,-0.0074,0.9634,-0.0007,0.0115,1.0887,0
286232,0.2676,-0.0126,-0.0074,0.9634,0.0072,0.0064,1.1003,0
286398,0.2676,-0.0126,-0.0073,0.9634,0.0147,0.0064,1.0895,0
286565,0.2676,-0.0126,-0.0073,0.9634,0.0237,0.0198,1.0864,0
286732,0.2676,-0.0126,-0.0074,0.9634,0.0239,0.0192,1.1043,0
286898,0.2677,-0.0126,-0.0074,0.9634,0.0137,0.0225,1.0758,0
287065,0.2677,-0.0126,-0.0074,0.9634,0.0216,-0.0018,1.1104,0
287232,0.2677,-0.0126,-0.0074,0.9634,0.0154,0.0211,1.0911,0
287398,0.2677,-0.0126,-0.0074,0.9634,0.0213,0.0178,1.1042,0
287565,0.2677,-0.0126,-0.0074,0.9634,0.0198,0.0145,1.1244,0
287732,0.2677,-0.0126,-0.0074,0.9634,0.0339,0.0185,1.0948,0
287898,0.2677,-0.0126,-0.0074,0.9634,0.0126,0.0087,1.0959,0
288065,0.2678,-0.0126,-0.0074,0.9634,0.0314,0.0079,1.0892,0
288232,0.2678,-0.0125,-0.0074,0.9634,0.0246,0.0086,1.1056,0
288398,0.2678,-0.0125,-0.0074,0.9634,0.0081,0.0125,1.1059,0
288565,0.2678,-0.0125,-0.0074,0.9634,0.0203,0.0178,1.0876,0
288732,0.2678,-0.0125,-0.0074,0.9634,0.0054,0.0055,1.1085,0
288898,0.2678,-0.0125,-0.0074,0.9634,0.0137,0.0304,1.0903,0
289065,0.2679,-0.0125,-0.0074,0.9634,0.0075,0.0140,1.0966,0
289232,0.2679,-0.0126,-0.0074,0.9633,0.0147,0.0102,1.1063,0
289398,0.2679,-0.0125,-0.0074,0.9633,0.0140,0.0209,1.0966,0
289565,0.2679,-0.0126,-0.0074,0.9633,0.0069,0.0015,1.1142,0
289732,0.2679,-0.0126,-0.0074,0.9633,0.0061,0.0086,1.1184,0
289898,0.2679,-0.0126,-0.0074,0.9633,0.0118,0.0216,1.0959,0
290065,0.2679,-0.0126,-0.0074,0.9633,0.0205,0.0182,1.1072,0
290232,0.2679,-0.0125,-0.0074,0.9633,0.0126,-0.0025,1.1033,0
290398,0.2679,-0.0125,-0.0074,0.9633,-0.0057,-0.0005,1.0998,0
290565,0.2680,-0.0125,-0.0074,0.9633,0.0189,0.0036,1.0808,0
290732,0.2680,-0.0125,-0.0074,0.9633,0.0158,0.0239,1.0958,0
290898,0.2680,-0.0125,-0.0074,0.9633,0.0142,0.0278,1.0757,0
291065,0.2680,-0.0125,-0.0074,0.9633,0.0023,0.0195,1.1008,0
291232,0.2680,-0.0125,-0.0074,0.9633,0.0030,0.0053,1.0990,0
291398,0.2680,-0.0125,-0.0074,0.9633,0.0094,0.0097,1.0796,0
291565,0.2681,-0.0125,-0.0074,0.9633,0.0157,0.0201,1.0870,0
291732,0.2680,-0.0125,-0.0074,0.9633,0.0049,0.0152,1.1004,0
291898,0.2680,-0.0125,-0.0074,0.9633,0.0269,0.0107,1.0971,0
292065,0.2681,-0.0125,-0.0074,0.9633,0.0176,0.0155,1.0921,0
292232,0.2681,-0.0125,-0.0074,0.9633,0.0163,0.0284,1.0909,0
292398,0.2681,-0.0125,-0.0074,0.9633,0.0127,0.0156,1.0967,0
292565,0.2681,-0.0125,-0.0074,0.9633,0.0080,0.0040,1.0801,0
292732,0.2681,-0.0125,-0.0074,0.9633,0.0139,0.0117,1.0818,0
292898,0.2681,-0.0125,-0.0074,0.9633,0.0149,0.0095,1.0960,0
293065,0.2681,-0.0125,-0.0074,0.9633,0.0040,0.0028,1.1054,0
293232,0.2681,-0.0125,-0.0074,0.9633,0.0064,0.0040,1.1050,0
293398,0.2681,-0.0125,-0.0074,0.9633,0.0055,0.0168,1.1020,0
293565,0.2681,-0.0125,-0.0074,0.9633,0.0097,0.0149,1.0863,0
293732,0.2682,-0.0125,-0.0074,0.9633,0.0091,-0.0050,1.1062,0
293898,0.2682,-0.0125,-0.0074,0.9633,0.0022,0.0148,1.0799,0
294065,0.2682,-0.0125,-0.0074,0.9633,0.0201,0.0082,1.0903,0
294232,0.2682,-0.0125,-0.0074,0.9633,0.0131,0.0124,1.0864,0
294398,0.2682,-0.0125,-0.0074,0.9633,0.0147,-0.0013,1.0695,0
294565,0.2682,-0.0125,-0.0074,0.9633,0.0030,0.0064,1.1202,0
294732,0.2682,-0.0125,-0.0074,0.9633,0.0088,0.0130,1.0986,0
294898,0.2682,-0.0125,-0.0074,0.9632,0.0091,0.0114,1.1127,0
295065,0.2682,-0.0125,-0.0075,0.9632,0.0053,-0.0026,1.0967,0
295232,0.2683,-0.0125,-0.0075,0.9632,0.0149,0.0135,1.0833,0
295398,0.2683,-0.0125,-0.0075,0.9632,0.0155,0.0308,1.0891,0
295565,0.2683,-0.0125,-0.0075,0.9632,0.0069,0.0191,1.0791,0
295732,0.2683,-0.0125,-0.0075,0.9632,0.0128,0.0117,1.1081,0
295898,0.2683,-0.0125,-0.0075,0.9632,-0.0016,0.0088,1.0893,0
296065,0.2683,-0.0125,-0.0075,0.9632,0.0292,0.0154,1.0822,0
296232,0.2683,-0.0125,-0.0075,0.9632,0.0098,0.0090,1.0736,0
296398,0.2684,-0.0125,-0.0075,0.9632,0.0164,0.0050,1.1088,0
296565,0.2684,-0.0125,-0.0075,0.9632,0.0216,0.0161,1.0830,0
296732,0.2684,-0.0125,-0.0075,0.9632,0.0297,0.0194,1.0883,0
296898,0.2684,-0.0126,-0.0074,0.9632,0.0150,0.0227,1.1049,0
297065,0.2684,-0.0126,-0.0074,0.9632,0.0085,0.0289,1.0866,0
297232,0.2684,-0.0126,-0.0074,0.9632,-0.0053,0.0190,1.0938,0
297398,0.2685,-0.0126,-0.0074,0.9632,0.0000,0.0205,1.1155,0
297565,0.2685,-0.0126,-0.0074,0.9632,0.0114,0.0009,1.0867,0
297732,0.2685,-0.0126,-0.0074,0.9632,0.0105,0.0080,1.0924,0
297898,0.2685,-0.0126,-0.0074,0.9632,0.0141,0.0092,1.0984,0
298065,0.2685,-0.0126,-0.0074,0.9632,0.0291,0.0029,1.1142,0
298232,0.2685,-0.0126,-0.0074,0.9632,0.0188,0.0289,1.0962,0
298398,0.2685,-0.0126,-0.0074,0.9632,0.0256,0.0226,1.0996,0
298565,0.2685,-0.0126,-0.0074,0.9632,0.0043,0.0304,1.1057,0
298732,0.2685,-0.0126,-0.0074,0.9632,-0.0057,0.0155,1.1040,0
298898,0.2685,-0.0126,-0.0074,0.9632,0.0090,0.0163,1.1060,0
299065,0.2685,-0.0126,-0.0074,0.9632,0.0159,0.0124,1.0912,0
299232,0.2685,-0.0126,-0.0074,0.9632,0.0123,0.0173,1.0870,0
299398,0.2685,-0.0126,-0.0074,0.9632,0.0021,0.0135,1.0977,0
299565,0.2685,-0.0126,-0.0074,0.9632,0.0140,-0.0052,1.0878,0
299732,0.2685,-0.0126,-0.0074,0.9632,0.0164,0.0150,1.1030,0
299898,0.2685,-0.0126,-0.0074,0.9632,0.0112,0.0159,1.0956,0
300065,0.2685,-0.0126,-0.0074,0.9632,0.0080,0.0087,1.0913,0
300232,0.2686,-0.0126,-0.0074,0.9632,0.0176,0.0085,1.0949,0
300398,0.2686,-0.0126,-0.0074,0.9632,0.0096,0.0039,1.0868,0
300565,0.2685,-0.0126,-0.0074,0.9632,0.0200,0.0096,1.0947,0
300732,0.2686,-0.0126,-0.0074,0.9632,0.0212,0.0127,1.0967,0
300898,0.2686,-0.0126,-0.0074,0.9632,0.0143,0.0085,1.0890,0
301065,0.2686,-0.0126,-0.0074,0.9632,0.0144,0.0139,1.0929,0
301232,0.2686,-0.0126,-0.0074,0.9631,0.0116,0.0127,1.0883,0
301398,0.2686,-0.0126,-0.0074,0.9631,0.0057,0.0188,1.0866,0
301565,0.2686,-0.0126,-0.0074,0.9631,0.0180,0.0050,1.0822,0
301732,0.2686,-0.0126,-0.0074,0.9631,0.0288,0.0154,1.1031,0
301899,0.2686,-0.0126,-0.0074,0.9631,0.0117,0.0056,1.1207,0
302065,0.2686,-0.0126,-0.0074,0.9631,0.0138,0.0189,1.0925,0
302232,0.2686,-0.0126,-0.0074,0.9631,0.0107,0.0134,1.1119,0
302399,0.2686,-0.0126,-0.0074,0.9631,0.0219,0.0299,1.0861,0
302565,0.2686,-0.0126,-0.0074,0.9631,0.0142,0.0152,1.0795,0
302732,0.2686,-0.0126,-0.0074,0.9631,0.0148,0.0167,1.1034,0
302899,0.2686,-0.0126,-0.0074,0.9631,0.0102,-0.0029,1.0879,0
303065,0.2686,-0.0126,-0.0074,0.9631,0.0095,0.0150,1.0980,0
303232,0.2687,-0.0126,-0.0074,0.9631,0.0117,0.0220,1.0742,0
303399,0.2687,-0.0126,-0.0074,0.9631,0.0240,0.0282,1.1147,0
303565,0.2686,-0.0126,-0.0075,0.9631,0.0150,0.0174,1.1037,0
303732,0.2687,-0.0126,-0.0075,0.9631,0.0091,-0.0040,1.1088,0
303899,0.2687,-0.0126,-0.0075,0.9631,0.0079,0.0078,1.0653,0
304065,0.2687,-0.0126,-0.0075,0.9631,0.0113,0.0117,1.0841,0
304232,0.2687,-0.0126,-0.0075,0.9631,0.0106,0.0296,1.0657,0
304399,0.2687,-0.0126,-0.0075,0.9631,0.0083,0.0171,1.0895,0
304565,0.2687,-0.0126,-0.0075,0.9631,0.0227,0.0205,1.0817,0
304732,0.2687,-0.0126,-0.0075,0.9631,0.0064,0.0090,1.0881,0
304899,0.2687,-0.0126,-0.0075,0.9631,0.0047,0.0065,1.1061,0
305065,0.2687,-0.0126,-0.0075,0.9631,0.0136,0.0017,1.0838,0
305232,0.2687,-0.0126,-0.0075,0.9631,0.0199,0.0104,1.1045,0
305399,0.2687,-0.0126,-0.0075,0.9631,0.0232,0.0090,1.0780,0
305565,0.2687,-0.0126,-0.0075,0.9631,0.0286,0.0087,1.1040,0
305732,0.2687,-0.0126,-0.0075,0.9631,0.0028,0.0175,1.0967,0
305899,0.2687,-0.0126,-0.0075,0.9631,0.0102,0.0184,1.0942,0
306065,0.2687,-0.0126,-0.0075,0.9631,0.0190,-0.0013,1.0962,0
306232,0.2687,-0.0126,-0.0075,0.9631,0.0014,0.0100,1.1201,0
306399,0.2687,-0.0126,-0.0075,0.9631,-0.0031,0.0061,1.0760,0
306565,0.2687,-0.0126,-0.0075,0.9631,0.0088,0.0014,1.0803,0
306732,0.2687,-0.0126,-0.0075,0.9631,0.0212,0.0056,1.0854,0
306899,0.2687,-0.0126,-0.0075,0.9631,0.0200,0.0140,1.0929,0
307065,0.2688,-0.0125,-0.0075,0.9631,0.0157,0.0224,1.1079,0
307232,0.2687,-0.0125,-0.0075,0.9631,0.0045,0.0148,1.0879,0
307399,0.2687,-0.0125,-0.0075,0.9631,-0.0010,-0.0042,1.0961,0
307565,0.2687,-0.0125,-0.0075,0.9631,0.0058,0.0075,1.0979,0
307732,0.2687,-0.0125,-0.0075,0.9631,0.0040,0.0021,1.0714,0
307899,0.2688,-0.0125,-0.0075,0.9631,0.0058,0.0158,1.1072,0
308065,0.2688,-0.0125,-0.0075,0.9631,0.0120,0.0114,1.0917,0
308232,0.2688,-0.0125,-0.0075,0.9631,0.0062,0.0097,1.1004,0
308399,0.2688,-0.0125,-0.0075,0.9631,0.0054,0.0139,1.0860,0
308565,0.2687,-0.0125,-0.0075,0.9631,0.0135,0.0194,1.0792,0
308732,0.2687,-0.0125,-0.0075,0.9631,0.0081,0.0067,1.0800,0
308899,0.2687,-0.0125,-0.0075,0.9631,0.0049,0.0087,1.0973,0
309065,0.2687,-0.0125,-0.0075,0.9631,0.0148,0.0165,1.1055,0
309232,0.2687,-0.0125,-0.0075,0.9631,0.0217,0.0046,1.0988,0
309399,0.2687,-0.0125,-0.0075,0.9631,0.0105,0.0053,1.0748,0
309565,0.2687,-0.0125,-0.0075,0.9631,0.0129,0.0121,1.0797,0
309732,0.2687,-0.0125,-0.0075,0.9631,0.0113,-0.0043,1.0883,0
309899,0.2687,-0.0125,-0.0075,0.9631,0.0281,0.0095,1.1097,0
310065,0.2688,-0.0125,-0.0075,0.9631,0.0036,0.0170,1.1010,0
310232,0.2688,-0.0125,-0.0075,0.9631,0.0172,0.0127,1.0917,0
310399,0.2688,-0.0125,-0.0075,0.9631,0.0185,0.0020,1.0824,0
310565,0.2688,-0.0125,-0.0075,0.9631,0.0116,0.0062,1.0816,0
310732,0.2688,-0.0125,-0.0075,0.9631,0.0189,0.0119,1.0753,0
310899,0.2688,-0.0125,-0.0075,0.9631,0.0236,0.0034,1.0926,0
311065,0.2688,-0.0125,-0.0075,0.9631,0.0154,0.0075,1.1081,0
311232,0.2688,-0.0125,-0.0075,0.9631,0.0127,0.0250,1.0798,0
311399,0.2688,-0.0125,-0.0075,0.9631,0.0317,0.0134,1.0879,0
311565,0.2688,-0.0125,-0.0075,0.9631,0.0194,0.0133,1.1040,0
311732,0.2688,-0.0125,-0.0075,0.9631,0.0059,0.0050,1.1001,0
311899,0.2688,-0.0125,-0.0075,0.9631,0.0168,0.0019,1.0855,0
312065,0.2688,-0.0125,-0.0075,0.9631,0.0221,0.0140,1.1177,0
312232,0.2688,-0.0125,-0.0076,0.9631,0.0167,0.0070,1.1057,0
312399,0.2689,-0.0125,-0.0076,0.9631,0.0255,0.0035,1.0881,0
312565,0.2689,-0.0125,-0.0076,0.9631,0.0248,0.0062,1.1141,0
312732,0.2689,-0.0125,-0.0075,0.9631,0.0105,0.0123,1.0998,0
312899,0.2689,-0.0125,-0.0075,0.9631,0.0018,0.0178,1.1081,0
313065,0.2689,-0.0125,-0.0075,0.9631,0.0055,0.0114,1.1044,0
313232,0.2689,-0.0124,-0.0076,0.9631,0.0060,-0.0039,1.0885,0
313399,0.2689,-0.0125,-0.0075,0.9631,0.0218,0.0029,1.0914,0
313565,0.2689,-0.0125,-0.0075,0.9631,0.0220,0.0146,1.0858,0
313732,0.2689,-0.0124,-0.0076,0.9631,0.0247,0.0141,1.0985,0
313899,0.2689,-0.0124,-0.0076,0.9631,0.0210,0.0252,1.0755,0
314065,0.2689,-0.0124,-0.0076,0.9631,0.0074,0.0091,1.1080,0
314232,0.2689,-0.0124,-0.0076,0.9631,-0.0026,0.0083,1.1023,0
314399,0.2689,-0.0124,-0.0076,0.9631,0.0131,0.0058,1.1104,0
314565,0.2689,-0.0124,-0.0076,0.9631,0.0321,0.0082,1.0964,0
314732,0.2689,-0.0124,-0.0076,0.9631,0.0209,0.0062,1.0797,0
314899,0.2689,-0.0124,-0.0076,0.9631,0.0196,-0.0024,1.0902,0
315065,0.2689,-0.0124,-0.0076,0.9631,0.0282,0.0092,1.0946,0
315232,0.2689,-0.0124,-0.0076,0.9631,0.0263,0.0282,1.0865,0
315399,0.2689,-0.0124,-0.0076,0.9631,0.0151,0.0123,1.0834,0
315565,0.2689,-0.0124,-0.0076,0.9631,-0.0023,0.0021,1.0916,0
315732,0.9999,-0.0107,0.0099,0.0001,-0.0045,-0.0160,1.0873,0
315899,0.9999,-0.0107,0.0099,0.0001,-0.0120,-0.0194,1.0682,0
316065,0.9999,-0.0107,0.0099,0.0001,-0.0147,-0.0342,1.0773,0
316232,0.9999,-0.0107,0.0099,0.0001,-0.0039,-0.0232,1.0747,0
316399,0.9999,-0.0107,0.0099,0.0001,-0.0133,-0.0180,1.0866,0
316565,0.9999,-0.0107,0.0099,0.0001,-0.0064,-0.0277,1.1044,0
316732,0.9999,-0.0107,0.0099,0.0000,-0.0070,-0.0249,1.0946,0
316899,0.9999,-0.0106,0.0102,0.0001,0.0052,-0.0224,1.1102,0
317065,0.9999,-0.0106,0.0102,0.0001,-0.0032,-0.0084,1.1015,0
317232,0.9999,-0.0106,0.0102,0.0001,0.0048,-0.0049,1.1063,0
317399,0.9999,-0.0106,0.0102,0.0001,0.0029,0.0006,1.1060,0
317565,0.9999,-0.0106,0.0102,0.0001,0.0003,0.0126,1.1228,0
317732,0.9999,-0.0106,0.0102,0.0001,0.0103,-0.0038,1.0927,0
317899,0.9999,-0.0106,0.0102,0.0001,0.0063,-0.0209,1.0773,0
318065,0.9999,-0.0106,0.0102,0.0001,-0.0032,-0.0213,1.1030,0
318232,0.9999,-0.0106,0.0102,0.0001,0.0011,-0.0279,1.0870,0
318399,0.9999,-0.0106,0.0102,0.0001,0.0027,-0.0317,1.0833,0
318566,0.9999,-0.0106,0.0102,0.0001,-0.0154,-0.0113,1.1116,0
318732,0.9999,-0.0106,0.0102,0.0001,0.0002,-0.0039,1.0970,0
318899,0.9999,-0.0106,0.0102,0.0001,-0.0051,-0.0008,1.1169,0
319066,0.9999,-0.0106,0.0102,0.0001,-0.0010,-0.0187,1.0686,0
319232,0.9999,-0.0106,0.0102,0.0001,-0.0015,-0.0154,1.1133,0
319399,0.9999,-0.0106,0.0102,0.0001,-0.0011,-0.0066,1.0756,0
319566,0.9999,-0.0106,0.0102,0.0001,-0.0129,-0.0099,1.1228,0
319732,0.9999,-0.0106,0.0102,0.0001,-0.0009,-0.0098,1.0945,0
319899,0.9999,-0.0106,0.0102,0.0001,-0.0041,-0.0236,1.0977,0
320066,0.9999,-0.0106,0.0102,0.0001,0.0093,-0.0356,1.0865,0
320232,0.9999,-0.0106,0.0102,0.0001,-0.0167,-0.0062,1.0989,0
320399,0.9999,-0.0106,0.0102,0.0001,0.0149,-0.0204,1.0950,0
320566,0.9999,-0.0106,0.0102,0.0001,-0.0003,-0.0148,1.1068,0
320732,0.9999,-0.0106,0.0102,0.0001,0.0043,-0.0022,1.1019,0
320899,0.9999,-0.0106,0.0102,0.0001,-0.0003,-0.0054,1.0842,0
321066,0.9999,-0.0106,0.0102,0.0001,0.0082,-0.0148,1.0803,0
321232,0.9999,-0.0106,0.0102,0.0001,-0.0023,-0.0202,1.1115,0
321399,0.9999,-0.0106,0.0102,0.0001,-0.0085,-0.0219,1.0944,0
321566,0.9999,-0.0106,0.0102,0.0001,-0.0098,-0.0291,1.1003,0
321732,0.9999,-0.0106,0.0102,0.0001,0.0005,-0.0214,1.0793,0
321899,0.9999,-0.0106,0.0102,0.0001,-0.0043,-0.0097,1.1068,0
322066,0.9999,-0.0106,0.0102,0.0001,-0.0072,-0.0148,1.0930,0
322232,0.9999,-0.0106,0.0102,0.0001,0.0002,-0.0174,1.0842,0
322399,0.9999,-0.0106,0.0102,0.0001,-0.0126,-0.0248,1.0874,0
322566,0.9999,-0.0106,0.0102,0.0000,-0.0031,-0.0120,1.0938,0
322732,0.9999,-0.0106,0.0102,0.0000,0.0037,-0.0109,1.0931,0
322899,0.9999,-0.0106,0.0102,0.0000,-0.0048,-0.0263,1.0787,0
323066,0.9999,-0.0106,0.0102,0.0000,-0.0032,-0.0108,1.0740,0
323232,0.9999,-0.0106,0.0102,0.0000,0.0007,-0.0312,1.0947,0
323399,0.9999,-0.0106,0.0102,0.0000,-0.0037,-0.0342,1.0824,0
323566,0.9999,-0.0106,0.0102,0.0000,0.0045,-0.0173,1.0993,0
323732,0.9999,-0.0106,0.0102,0.0000,-0.0025,-0.0199,1.0816,0
323899,0.9999,-0.0106,0.0102,0.0000,-0.0087,-0.0169,1.0945,0
324066,0.9999,-0.0105,0.0102,0.0000,0.0042,-0.0001,1.0868,0
324232,0.9999,-0.0105,0.0102,0.0000,-0.0028,-0.0232,1.0882,0
324399,0.9999,-0.0105,0.0102,0.0000,0.0041,-0.0347,1.0655,0
324566,0.9999,-0.0105,0.0102,0.0000,-0.0152,-0.0139,1.0944,0
324732,0.9999,-0.0105,0.0102,0.0000,-0.0122,-0.0171,1.1005,0
324899,0.9999,-0.0106,0.0102,0.0000,0.0112,-0.0141,1.1017,0
325066,0.9999,-0.0105,0.0102,0.0000,0.0127,-0.0209,1.0770,0
325232,0.9999,-0.0105,0.0102,-0.0000,-0.0018,-0.0160,1.1034,0
325399,0.9999,-0.0105,0.0102,-0.0000,0.0042,-0.0204,1.0909,0
325566,0.9999,-0.0105,0.0102,-0.0000,-0.0033,-0.0412,1.1029,0
325732,0.9999,-0.0105,0.0102,-0.0000,-0.0048,-0.0406,1.0886,0
325899,0.9999,-0.0105,0.0102,-0.0000,0.0019,-0.0344,1.0885,0
326066,0.9999,-0.0105,0.0102,-0.0000,-0.0104,-0.0167,1.0881,0
326232,0.9999,-0.0105,0.0102,-0.0000,-0.0058,0.0068,1.1033,0
326399,0.9999,-0.0105,0.0102,-0.0000,-0.0049,-0.0156,1.1127,0
326566,0.9999,-0.0105,0.0102,-0.0001,-0.0032,-0.0231,1.0895,0
326732,0.9999,-0.0105,0.0102,-0.0001,-0.0017,-0.0237,1.0964,0
326899,0.9999,-0.0105,0.0102,-0.0001,-0.0091,-0.0239,1.1239,0
327066,0.9999,-0.0105,0.0102,-0.0001,0.0068,-0.0336,1.1042,0
327232,0.9999,-0.0105,0.0102,-0.0001,0.0007,-0.0116,1.1112,0
327399,0.9999,-0.0106,0.0102,-0.0001,0.0116,-0.0016,1.1081,0
327566,0.9999,-0.0106,0.0102,-0.0001,-0.0034,-0.0067,1.1088,0
327732,0.9999,-0.0106,0.0102,-0.0001,-0.0075,-0.0264,1.1141,0
327899,0.9999,-0.0106,0.0101,-0.0001,0.0002,-0.0307,1.1157,0
328066,0.9999,-0.0106,0.0101,-0.0001,0.0043,-0.0300,1.0838,0
328232,0.9999,-0.0106,0.0102,-0.0001,0.0050,-0.0151,1.0801,0
328399,0.9999,-0.0106,0.0102,-0.0001,0.0021,-0.0012,1.0886,0
328566,0.9999,-0.0106,0.0102,-0.0001,0.0033,-0.0142,1.1201,0
328732,0.9999,-0.0106,0.0101,-0.0001,0.0056,-0.0364,1.0777,0
328899,0.9999,-0.0106,0.0101,-0.0001,0.0015,-0.0190,1.1117,0
329066,0.9999,-0.0106,0.0101,-0.0001,0.0015,-0.0106,1.1099,0
329232,0.9999,-0.0106,0.0101,-0.0001,-0.0079,-0.0053,1.0854,0
329399,0.9999,-0.0106,0.0101,-0.0002,-0.0150,-0.0368,1.0795,0
329566,0.9999,-0.0106,0.0101,-0.0002,-0.0119,-0.0150,1.0868,0
329732,0.9999,-0.0106,0.0101,-0.0002,-0.0103,-0.0098,1.0980,0
329899,0.9999,-0.0106,0.0101,-0.0002,-0.0141,-0.0155,1.0691,0
330066,0.9999,-0.0106,0.0101,-0.0002,0.0204,-0.0240,1.0811,0
330232,0.9999,-0.0106,0.0101,-0.0002,-0.0006,-0.0105,1.0896,0
330399,0.9999,-0.0106,0.0101,-0.0002,-0.0035,-0.0366,1.0873,0
330566,0.9999,-0.0106,0.0101,-0.0002,0.0033,-0.0247,1.0973,0
330732,0.9999,-0.0106,0.0101,-0.0002,-0.0085,-0.0134,1.0774,0
330899,0.9999,-0.0106,0.0101,-0.0002,0.0021,-0.0328,1.0646,0
331066,0.9999,-0.0106,0.0101,-0.0002,-0.0164,-0.0246,1.1135,0
331232,0.9999,-0.0106,0.0101,-0.0002,0.0063,-0.0110,1.1081,0
331399,0.9999,-0.0106,0.0101,-0.0002,0.0006,-0.0191,1.1034,0
331566,0.9999,-0.0106,0.0101,-0.0002,0.0067,-0.0070,1.1052,0
331732,0.9999,-0.0106,0.0101,-0.0002,-0.0081,-0.0159,1.0997,0
331899,0.9999,-0.0106,0.0102,-0.0003,-0.0095,-0.0323,1.0944,0
332066,0.9999,-0.0106,0.0102,-0.0003,0.0000,-0.0164,1.0998,0
332232,0.9999,-0.0106,0.0102,-0.0003,-0.0022,-0.0347,1.1044,0
332399,0.9999,-0.0106,0.0102,-0.0003,0.0079,-0.0238,1.1145,0
332566,0.9999,-0.0105,0.0102,-0.0003,0.0068,-0.0007,1.0710,0
332732,0.9999,-0.0106,0.0102,-0.0003,0.0050,-0.0163,1.0871,0
332899,0.9999,-0.0106,0.0102,-0.0003,-0.0064,-0.0087,1.1017,0
333066,0.9999,-0.0105,0.0102,-0.0003,-0.0042,-0.0229,1.1070,0
333232,0.9999,-0.0105,0.0102,-0.0003,-0.0027,-0.0288,1.1018,0
333399,0.9999,-0.0105,0.0102,-0.0003,0.0002,-0.0218,1.0979,0
333566,0.9999,-0.0105,0.0102,-0.0003,0.0072,-0.0189,1.0861,0
333732,0.9999,-0.0105,0.0102,-0.0003,-0.0020,-0.0006,1.1333,0
333899,0.9999,-0.0105,0.0102,-0.0003,0.0011,-0.0348,1.1002,0
334066,0.9999,-0.0105,0.0102,-0.0003,-0.0019,-0.0249,1.0983,0
334232,0.9999,-0.0105,0.0102,-0.0003,0.0038,-0.0206,1.0861,0
334399,0.9999,-0.0105,0.0102,-0.0003,-0.0134,-0.0176,1.1005,0
334566,0.9999,-0.0105,0.0102,-0.0003,-0.0144,-0.0210,1.0901,0
334732,0.9999,-0.0105,0.0102,-0.0004,-0.0065,-0.0111,1.1013,0
334899,0.9999,-0.0105,0.0102,-0.0004,-0.0182,-0.0078,1.0756,0
335066,0.9999,-0.0105,0.0102,-0.0004,0.0202,-0.0202,1.0776,0
335233,0.9999,-0.0105,0.0102,-0.0004,0.0161,-0.0225,1.0933,0
335399,0.9999,-0.0105,0.0102,-0.0004,-0.0023,-0.0222,1.1090,0
335566,0.9999,-0.0105,0.0101,-0.0004,-0.0037,-0.0285,1.0715,0
335733,0.9999,-0.0105,0.0101,-0.0004,0.0025,-0.0248,1.1156,0
335899,0.9999,-0.0105,0.0101,-0.0004,-0.0112,-0.0246,1.0950,0
336066,0.9999,-0.0105,0.0101,-0.0004,-0.0143,-0.0049,1.0991,0
336233,0.9999,-0.0105,0.0101,-0.0004,0.0072,-0.0049,1.0864,0
336399,0.9999,-0.0106,0.0101,-0.0004,0.0149,-0.0160,1.0988,0
336566,0.9999,-0.0105,0.0101,-0.0004,-0.0047,-0.0190,1.0992,0
336733,0.9999,-0.0105,0.0101,-0.0004,-0.0058,-0.0288,1.0931,0
336899,0.9999,-0.0107,0.0102,-0.0005,-0.0106,-0.0166,1.1198,0
337066,0.9999,-0.0107,0.0102,-0.0005,-0.0074,-0.0234,1.0825,0
337233,0.9999,-0.0107,0.0102,-0.0005,-0.0051,-0.0351,1.1133,0
337399,0.9999,-0.0107,0.0102,-0.0006,-0.0020,-0.0247,1.1086,0
337566,0.9999,-0.0107,0.0102,-0.0006,0.0035,-0.0032,1.1125,0
337733,0.9999,-0.0107,0.0102,-0.0006,-0.0022,-0.0168,1.0888,0
337899,0.9999,-0.0107,0.0102,-0.0006,0.0089,-0.0127,1.0980,0
338066,0.9999,-0.0107,0.0102,-0.0006,-0.0029,0.0061,1.0907,0
338233,0.9999,-0.0107,0.0102,-0.0006,-0.0005,-0.0020,1.1036,0
338399,0.9999,-0.0107,0.0102,-0.0006,0.0083,-0.0184,1.0838,0
338566,0.9999,-0.0107,0.0102,-0.0006,0.0061,-0.0199,1.1016,0
338733,0.9999,-0.0107,0.0102,-0.0006,-0.0024,-0.0156,1.0849,0
338899,0.9999,-0.0107,0.0102,-0.0006,-0.0010,-0.0231,1.0895,0
339066,0.9999,-0.0107,0.0102,-0.0006,0.0099,-0.0192,1.0961,0
339233,0.9999,-0.0107,0.0102,-0.0006,0.0060,-0.0115,1.1043,0
339399,0.9999,-0.0107,0.0102,-0.0007,-0.0100,-0.0079,1.1055,0
339566,0.9999,-0.0107,0.0102,-0.0007,-0.0084,-0.0136,1.1071,0
339733,0.9999,-0.0107,0.0102,-0.0007,0.0021,-0.0147,1.1299,0
339899,0.9999,-0.0107,0.0102,-0.0007,0.0161,-0.0172,1.1278,0
340066,0.9999,-0.0107,0.0102,-0.0007,-0.0012,-0.0090,1.1319,0
340233,0.9999,-0.0107,0.0102,-0.0007,0.0066,-0.0069,1.0852,0
340399,0.9999,-0.0107,0.0102,-0.0007,-0.0124,-0.0235,1.1101,0
340566,0.9999,-0.0107,0.0102,-0.0007,0.0066,-0.0198,1.0984,0
340733,0.9999,-0.0107,0.0102,-0.0007,-0.0133,-0.0211,1.0933,0
340899,0.9999,-0.0107,0.0102,-0.0007,-0.0127,-0.0189,1.0919,0
341066,0.9999,-0.0107,0.0102,-0.0007,-0.0040,-0.0162,1.0992,0
341233,0.9999,-0.0107,0.0102,-0.0007,0.0213,0.0005,1.1066,0
341399,0.9999,-0.0107,0.0102,-0.0007,0.0070,-0.0002,1.1313,0
341566,0.9999,-0.0107,0.0102,-0.0007,0.0065,-0.0021,1.1067,0
341733,0.9999,-0.0107,0.0102,-0.0007,-0.0098,-0.0104,1.1122,0
341899,0.9999,-0.0107,0.0102,-0.0007,-0.0036,-0.0274,1.0885,0
342066,0.9999,-0.0107,0.0102,-0.0007,-0.0035,-0.0242,1.1038,0
342233,0.9999,-0.0107,0.0102,-0.0007,0.0015,-0.0298,1.0729,0
342399,0.9999,-0.0107,0.0102,-0.0007,0.0054,-0.0068,1.0996,0
342566,0.9999,-0.0107,0.0102,-0.0007,0.0009,-0.0012,1.0853,0
342733,0.9999,-0.0107,0.0102,-0.0007,0.0022,-0.0078,1.1063,0
342899,0.9999,-0.0107,0.0102,-0.0007,-0.0096,-0.0233,1.0758,0
343066,0.9999,-0.0107,0.0102,-0.0008,-0.0080,-0.0089,1.0951,0
343233,0.9999,-0.0107,0.0102,-0.0008,-0.0014,-0.0004,1.1045,0
343399,0.9999,-0.0107,0.0102,-0.0008,-0.0003,-0.0194,1.0849,0
343566,0.9999,-0.0107,0.0102,-0.0008,-0.0024,-0.0182,1.1013,0
343733,0.9999,-0.0107,0.0102,-0.0008,0.0031,-0.0179,1.0991,0
343899,0.9999,-0.0107,0.0102,-0.0008,-0.0047,-0.0098,1.0953,0
344066,0.9999,-0.0107,0.0102,-0.0008,0.0117,-0.0103,1.0851,0
344233,0.9999,-0.0107,0.0102,-0.0008,-0.0078,-0.0125,1.0966,0
344399,0.9999,-0.0107,0.0102,-0.0008,-0.0095,-0.0172,1.1041,0
344566,0.9999,-0.0107,0.0102,-0.0008,-0.0189,-0.0025,1.0805,0
344733,0.9999,-0.0107,0.0102,-0.0008,0.0018,-0.0187,1.0824,0
344899,0.9999,-0.0107,0.0102,-0.0008,-0.0082,-0.0262,1.1048,0
345066,0.9999,-0.0107,0.0102,-0.0008,-0.0001,-0.0235,1.1237,0
345233,0.9999,-0.0107,0.0102,-0.0008,-0.0045,-0.0214,1.1054,0
345399,0.9999,-0.0107,0.0102,-0.0008,-0.0054,-0.0323,1.0930,0
345566,0.9999,-0.0107,0.0102,-0.0008,-0.0051,-0.0041,1.0600,0
345733,0.9999,-0.0107,0.0102,-0.0008,0.0008,0.0075,1.1158,0
345899,0.9999,-0.0107,0.0102,-0.0008,-0.0159,-0.0092,1.0707,0
346066,0.9999,-0.0107,0.0102,-0.0008,-0.0006,-0.0210,1.1180,0
346233,0.9999,-0.0107,0.0102,-0.0008,0.0052,-0.0273,1.0820,0
346399,0.9999,-0.0107,0.0102,-0.0008,0.0039,-0.0142,1.1029,0
346566,0.9999,-0.0107,0.0102,-0.0008,0.0051,-0.0148,1.0894,0
346733,0.9999,-0.0107,0.0102,-0.0009,-0.0102,-0.0026,1.1216,0
346899,0.9999,-0.0107,0.0102,-0.0009,-0.0035,-0.0078,1.0851,0
347066,0.9999,-0.0107,0.0102,-0.0009,-0.0139,0.0006,1.1250,0
347233,0.9999,-0.0107,0.0102,-0.0009,-0.0118,-0.0053,1.0810,0
347399,0.9999,-0.0107,0.0102,-0.0009,0.0057,-0.0023,1.0891,0
347566,0.9999,-0.0107,0.0102,-0.0009,-0.0000,-0.0230,1.0912,0
347733,0.9999,-0.0107,0.0102,-0.0009,-0.0021,-0.0058,1.0853,0
347899,0.9999,-0.0107,0.0102,-0.0009,0.0069,-0.0007,1.0931,0
348066,0.9999,-0.0107,0.0102,-0.0009,-0.0023,-0.0063,1.0845,0
348233,0.9999,-0.0107,0.0102,-0.0009,-0.0081,-0.0167,1.0791,0
348399,0.9999,-0.0107,0.0102,-0.0009,-0.0045,-0.0299,1.0980,0
348566,0.9999,-0.0107,0.0102,-0.0009,-0.0105,-0.0054,1.1005,0
348733,0.9999,-0.0107,0.0102,-0.0009,-0.0120,-0.0075,1.0892,0
348899,0.9999,-0.0107,0.0102,-0.0010,0.0126,-0.0019,1.1047,0
349066,0.9999,-0.0107,0.0102,-0.0010,-0.0025,0.0115,1.1124,0
349233,0.9999,-0.0107,0.0102,-0.0010,0.0094,-0.0163,1.0859,0
349399,0.9999,-0.0107,0.0102,-0.0010,-0.0090,-0.0176,1.0822,0
349566,0.9999,-0.0107,0.0102,-0.0010,-0.0085,-0.0119,1.0733,0
349733,0.9999,-0.0107,0.0102,-0.0010,-0.0141,-0.0316,1.0770,0
349899,0.9999,-0.0107,0.0102,-0.0010,-0.0146,-0.0240,1.1048,0
350066,0.9999,-0.0107,0.0102,-0.0010,-0.0092,-0.0137,1.1087,0
350233,0.9999,-0.0107,0.0102,-0.0010,0.0001,-0.0176,1.0507,0
350399,0.9999,-0.0107,0.0102,-0.0010,0.0074,-0.0276,1.1185,0
350566,0.9999,-0.0107,0.0102,-0.0010,0.0116,-0.0311,1.0926,0
350733,0.9999,-0.0107,0.0102,-0.0011,0.0013,-0.0146,1.0916,0
350899,0.9999,-0.0107,0.0102,-0.0010,0.0000,-0.0058,1.0931,0
351066,0.9999,-0.0107,0.0102,-0.0011,-0.0022,-0.0156,1.0914,0
351233,0.9999,-0.0107,0.0102,-0.0011,-0.0054,-0.0173,1.1037,0
351399,0.9999,-0.0107,0.0102,-0.0011,-0.0128,-0.0272,1.1116,0
351566,0.9999,-0.0107,0.0102,-0.0011,0.0054,-0.0312,1.0959,0
351733,0.9999,-0.0107,0.0102,-0.0011,-0.0047,-0.0287,1.0944,0
351900,0.9999,-0.0107,0.0102,-0.0011,0.0054,-0.0185,1.0974,0
352066,0.9999,-0.0107,0.0102,-0.0011,0.0030,-0.0076,1.0986,0
352233,0.9999,-0.0107,0.0102,-0.0011,-0.0073,-0.0090,1.1085,0
352400,0.9999,-0.0107,0.0102,-0.0011,-0.0050,-0.0071,1.1132,0
352566,0.9999,-0.0107,0.0102,-0.0011,-0.0204,-0.0205,1.1085,0
352733,0.9999,-0.0107,0.0102,-0.0011,-0.0009,-0.0321,1.1001,0
352900,0.9999,-0.0107,0.0102,-0.0011,-0.0094,-0.0178,1.0980,0
353066,0.9999,-0.0107,0.0102,-0.0011,-0.0022,-0.0186,1.1015,0
353233,0.9999,-0.0107,0.0102,-0.0011,0.0035,-0.0172,1.1082,0
353400,0.9999,-0.0107,0.0102,-0.0011,0.0022,-0.0115,1.1081,0
353566,0.9999,-0.0107,0.0102,-0.0011,0.0000,-0.0134,1.0941,0
353733,0.9999,-0.0107,0.0102,-0.0011,-0.0063,-0.0089,1.0851,0
353900,0.9999,-0.0107,0.0102,-0.0011,-0.0155,-0.0409,1.1024,0
354066,0.9999,-0.0107,0.0102,-0.0012,-0.0155,-0.0276,1.0932,0
354233,0.9999,-0.0107,0.0102,-0.0012,-0.0029,-0.0143,1.1004,0
354400,0.9999,-0.0107,0.0102,-0.0012,0.0020,-0.0089,1.0801,0
354566,0.9999,-0.0108,0.0102,-0.0012,0.0051,-0.0067,1.1069,0
354733,0.9999,-0.0108,0.0102,-0.0012,-0.0034,-0.0139,1.0774,0
354900,0.9999,-0.0108,0.0102,-0.0012,0.0030,-0.0280,1.0877,0
355066,0.9999,-0.0108,0.0102,-0.0012,-0.0075,-0.0214,1.0849,0
355233,0.9999,-0.0108,0.0102,-0.0012,-0.0016,-0.0148,1.0881,0
355400,0.9999,-0.0108,0.0102,-0.0012,-0.0033,-0.0125,1.0840,0
355566,0.9999,-0.0108,0.0102,-0.0012,0.0012,-0.0016,1.1047,0
355733,0.9999,-0.0108,0.0102,-0.0012,-0.0022,-0.0206,1.0955,0
355900,0.9999,-0.0107,0.0102,-0.0012,0.0012,-0.0165,1.0989,0
356066,0.9999,-0.0107,0.0102,-0.0012,0.0107,-0.0235,1.1201,0
356233,0.9999,-0.0107,0.0102,-0.0012,0.0020,-0.0309,1.0742,0
356400,0.9999,-0.0107,0.0102,-0.0012,-0.0005,-0.0136,1.0951,0
356566,0.9999,-0.0107,0.0102,-0.0012,-0.0148,-0.0185,1.0863,0
356733,0.9999,-0.0107,0.0102,-0.0012,-0.0024,-0.0103,1.1197,0
356900,0.9999,-0.0108,0.0102,-0.0012,-0.0013,-0.0182,1.0860,0
357066,0.9999,-0.0108,0.0102,-0.0012,-0.0052,-0.0269,1.0981,0
357233,0.9999,-0.0107,0.0102,-0.0012,0.0106,-0.0162,1.0910,0
357400,0.9999,-0.0107,0.0102,-0.0012,-0.0023,0.0009,1.0931,0
357566,0.9999,-0.0107,0.0102,-0.0012,-0.0047,-0.0119,1.0936,0
357733,0.9999,-0.0108,0.0102,-0.0012,-0.0223,-0.0149,1.0924,0
357900,0.9999,-0.0108,0.0102,-0.0013,-0.0163,-0.0246,1.1085,0
358066,0.9999,-0.0108,0.0102,-0.0013,-0.0183,-0.0364,1.0813,0
358233,0.9999,-0.0108,0.0102,-0.0013,0.0042,-0.0124,1.0780,0
358400,0.9999,-0.0108,0.0102,-0.0013,-0.0010,-0.0125,1.1136,0
358566,0.9999,-0.0108,0.0102,-0.0013,0.0093,-0.0026,1.0767,0
358733,0.9999,-0.0108,0.0102,-0.0013,-0.0073,-0.0082,1.0912,0
358900,0.9999,-0.0108,0.0102,-0.0013,0.0088,-0.0203,1.1015,0
359066,0.9999,-0.0108,0.0102,-0.0013,0.0027,-0.0216,1.1017,0
359233,0.9999,-0.0108,0.0102,-0.0013,-0.0075,-0.0201,1.0988,0
359400,0.9999,-0.0108,0.0102,-0.0013,-0.0099,-0.0146,1.0868,0
359566,0.9999,-0.0108,0.0103,-0.0013,0.0031,-0.0005,1.1059,0
359733,0.9999,-0.0108,0.0103,-0.0013,-0.0134,-0.0051,1.0805,0
359900,0.9999,-0.0108,0.0103,-0.0013,0.0043,0.0072,1.0712,0
360066,0.9999,-0.0108,0.0103,-0.0013,-0.0073,-0.0162,1.0618,0
360233,0.9999,-0.0108,0.0103,-0.0013,-0.0144,-0.0165,1.0883,0
360400,0.9999,-0.0108,0.0103,-0.0013,-0.0088,-0.0215,1.0805,0
360566,0.9999,-0.0108,0.0103,-0.0014,-0.0034,-0.0098,1.0969,0
360733,0.9999,-0.0108,0.0103,-0.0014,-0.0039,-0.0141,1.1013,0
360900,0.9999,-0.0108,0.0103,-0.0014,-0.0094,-0.0134,1.0833,0
361066,0.9999,-0.0108,0.0103,-0.0014,0.0050,-0.0167,1.1159,0
361233,0.9999,-0.0108,0.0103,-0.0014,0.0103,-0.0200,1.0868,0
361400,0.9999,-0.0108,0.0103,-0.0014,-0.0112,-0.0205,1.0885,0
361566,0.9999,-0.0108,0.0103,-0.0014,0.0025,-0.0098,1.0767,0
361733,0.9999,-0.0108,0.0103,-0.0014,-0.0043,-0.0042,1.1057,0
361900,0.9999,-0.0108,0.0103,-0.0014,0.0003,-0.0171,1.0943,0
362066,0.9999,-0.0108,0.0103,-0.0014,-0.0088,-0.0322,1.0969,0
362233,0.9999,-0.0108,0.0103,-0.0014,-0.0038,-0.0181,1.0908,0
362400,0.9999,-0.0108,0.0103,-0.0014,0.0146,-0.0218,1.0981,0
362566,0.9999,-0.0108,0.0103,-0.0014,0.0103,-0.0257,1.0982,0
362733,0.9999,-0.0108,0.0103,-0.0014,0.0010,-0.0147,1.0694,0
362900,0.9999,-0.0108,0.0103,-0.0014,-0.0111,-0.0204,1.0958,0
363066,0.9999,-0.0108,0.0103,-0.0015,-0.0066,-0.0233,1.0950,0
363233,0.9999,-0.0108,0.0103,-0.0015,-0.0018,0.0028,1.1104,0
363400,0.9999,-0.0108,0.0103,-0.0015,-0.0023,-0.0221,1.1049,0
363566,0.2704,-0.0128,-0.0076,0.9626,-0.0030,0.0079,1.0779,0
363733,0.2704,-0.0128,-0.0076,0.9626,0.0086,-0.0084,1.1125,0
363900,0.2704,-0.0128,-0.0076,0.9626,0.0033,0.0015,1.0816,0
364066,0.2705,-0.0128,-0.0076,0.9626,0.0005,0.0186,1.0923,0
364233,0.2705,-0.0128,-0.0077,0.9626,0.0086,0.0052,1.1013,0
364400,0.2705,-0.0128,-0.0077,0.9626,0.0063,0.0054,1.0876,0
364566,0.2705,-0.0128,-0.0077,0.9626,0.0072,-0.0022,1.1171,0
364733,0.2705,-0.0128,-0.0077,0.9626,0.0158,-0.0018,1.1082,0
364900,0.2705,-0.0128,-0.0077,0.9626,0.0128,0.0040,1.0742,0
365066,0.2705,-0.0128,-0.0077,0.9626,0.0004,0.0039,1.1012,0
365233,0.2705,-0.0128,-0.0077,0.9626,0.0098,0.0175,1.1074,0
365400,0.2705,-0.0128,-0.0077,0.9626,0.0220,0.0141,1.1034,0
365566,0.2705,-0.0128,-0.0077,0.9626,0.0258,0.0145,1.0967,0
365733,0.2705,-0.0128,-0.0077,0.9626,0.0211,0.0130,1.1037,0
365900,0.2705,-0.0128,-0.0077,0.9626,0.0025,-0.0010,1.0858,0
366066,0.2705,-0.0128,-0.0077,0.9626,-0.0081,-0.0181,1.0991,0
366233,0.2706,-0.0128,-0.0077,0.9626,-0.0201,-0.0136,1.1075,0
366400,0.2706,-0.0128,-0.0077,0.9626,-0.0264,-0.0131,1.0964,0
366566,0.2706,-0.0128,-0.0076,0.9626,-0.0131,0.0182,1.0922,0
366733,0.2706,-0.0128,-0.0076,0.9626,0.0269,0.0320,1.0882,0
366900,0.2706,-0.0128,-0.0076,0.9626,0.0456,0.0260,1.0973,0
367066,0.2706,-0.0128,-0.0076,0.9626,0.0381,0.0176,1.0968,0
367233,0.2706,-0.0128,-0.0076,0.9626,0.0218,0.0040,1.1200,0
367400,0.2706,-0.0128,-0.0076,0.9626,0.0019,-0.0072,1.0892,0
367566,0.2706,-0.0128,-0.0076,0.9626,-0.0029,-0.0136,1.0818,0
367733,0.2706,-0.0128,-0.0076,0.9626,0.0126,0.0230,1.1071,0
367900,0.2706,-0.0128,-0.0076,0.9626,0.0115,0.0290,1.0738,0
368066,0.2706,-0.0128,-0.0076,0.9626,0.0185,0.0260,1.0913,0
368233,0.2707,-0.0128,-0.0076,0.9626,0.0206,0.0123,1.0703,0
368400,0.2707,-0.0128,-0.0076,0.9626,0.0119,0.0251,1.0750,0
368567,0.2707,-0.0128,-0.0076,0.9626,0.0236,0.0195,1.1165,0
368733,0.2707,-0.0128,-0.0076,0.9625,0.0258,0.0271,1.1002,0
368900,0.2707,-0.0128,-0.0076,0.9625,0.0141,0.0113,1.1030,0
369067,0.2707,-0.0128,-0.0076,0.9625,-0.0066,0.0071,1.0748,0
369233,0.2707,-0.0128,-0.0076,0.9625,-0.0214,-0.0128,1.1173,0
369400
369567
369733
