DeviceTag: 3,FirmwareVersion: 3.0.0,AppVersion: 2023.6.0,SyncStatus: Unknown (Synced/Un-synced),OutputRate: 60,FilterProfile: Unknown,Measurement Mode: Sensor fusion Mode - Extended (Euler),StartTime: 2025-07-23 20:35:06.348,Â© Movella Technologies B.V. 2005-2025
SampleTimeFine,Quat_W,Quat_X,Quat_Y,Quat_Z,FreeAcc_X,FreeAcc_Y,FreeAcc_Z,Status
258511,0.2703,-0.0065,-0.0077,0.9627,-0.0213,0.0136,0.0705,0
258678,0.2697,-0.0062,-0.0079,0.9629,-0.0128,0.0067,0.0894,0
258845,0.2696,-0.0060,-0.0082,0.9629,-0.0147,0.0065,0.0838,0
259011,0.2696,-0.0058,-0.0084,0.9629,0.0024,0.0021,0.0851,0
259178,0.2695,-0.0056,-0.0086,0.9629,0.0004,-0.0028,0.0734,0
259345,0.2694,-0.0055,-0.0087,0.9630,-0.0093,0.0048,0.0905,0
259511,0.2693,-0.0054,-0.0089,0.9630,0.0037,-0.0319,0.0916,0
259678,0.2690,-0.0054,-0.0091,0.9631,-0.0035,-0.0171,0.0904,0
259845,0.2690,-0.0054,-0.0092,0.9631,0.0041,-0.0229,0.0781,0
260011,0.2691,-0.0053,-0.0093,0.9630,0.0076,-0.0368,0.0651,0
260178,0.2690,-0.0053,-0.0094,0.9631,0.0000,-0.0219,0.0990,0
260345,0.2690,-0.0053,-0.0095,0.9631,0.0014,-0.0209,0.0489,0
260511,0.2690,-0.0053,-0.0096,0.9631,-0.0030,-0.0284,0.0855,0
260678,0.2689,-0.0052,-0.0097,0.9631,0.0111,-0.0273,0.0552,0
260845,0.2687,-0.0052,-0.0098,0.9632,0.0084,-0.0474,0.0689,0
261011,0.2685,-0.0052,-0.0100,0.9632,0.0055,-0.0380,0.0711,0
261178,0.2685,-0.0052,-0.0101,0.9632,-0.0022,-0.0452,0.0719,0
261345,0.2683,-0.0051,-0.0102,0.9633,-0.0010,-0.0277,0.0782,0
261511,0.2682,-0.0051,-0.0103,0.9633,-0.0108,-0.0476,0.0655,0
261678,0.2680,-0.0051,-0.0104,0.9634,-0.0119,-0.0495,0.0687,0
261845,0.2683,-0.0050,-0.0105,0.9633,-0.0062,-0.0550,0.0646,0
262011,0.2685,-0.0050,-0.0107,0.9632,-0.0089,-0.0513,0.0889,0
262178,0.2682,-0.0050,-0.0108,0.9633,0.0042,-0.0575,0.0636,0
262345,0.2682,-0.0050,-0.0109,0.9633,0.0070,-0.0501,0.0473,0
262511,0.2682,-0.0049,-0.0110,0.9633,-0.0174,-0.0516,0.0653,0
262678,0.2685,-0.0049,-0.0111,0.9632,0.0004,-0.0612,0.0899,0
262845,0.2685,-0.0049,-0.0112,0.9632,0.0023,-0.0693,0.0787,0
263011,0.2686,-0.0048,-0.0114,0.9632,-0.0035,-0.0630,0.0848,0
263178,0.2684,-0.0048,-0.0115,0.9632,-0.0139,-0.0630,0.0792,0
263345,0.2684,-0.0048,-0.0116,0.9632,-0.0032,-0.0763,0.0931,0
263511,0.2682,-0.0048,-0.0117,0.9633,0.0100,-0.0672,0.0840,0
263678,0.2683,-0.0047,-0.0119,0.9632,0.0156,-0.0640,0.0768,0
263845,0.2682,-0.0047,-0.0120,0.9633,0.0171,-0.0771,0.0618,0
264012,0.2681,-0.0046,-0.0121,0.9633,0.0020,-0.0838,0.0697,0
264178,0.2681,-0.0046,-0.0122,0.9633,-0.0112,-0.0932,0.0802,0
264345,0.2681,-0.0046,-0.0123,0.9633,-0.0016,-0.0931,0.0658,0
264512,0.2681,-0.0045,-0.0125,0.9633,-0.0179,-0.1005,0.0785,0
264678,0.2680,-0.0045,-0.0126,0.9633,0.0092,-0.0884,0.0622,0
264845,0.2680,-0.0045,-0.0127,0.9633,0.0111,-0.0880,0.0827,0
265012,0.2679,-0.0045,-0.0128,0.9633,-0.0061,-0.0925,0.0659,0
265178,0.2678,-0.0044,-0.0129,0.9634,-0.0054,-0.1037,0.0968,0
265345,0.2678,-0.0044,-0.0131,0.9634,0.0007,-0.0983,0.0862,0
265512,0.2677,-0.0044,-0.0132,0.9634,0.0037,-0.0950,0.0809,0
265678,0.2678,-0.0043,-0.0133,0.9634,-0.0227,-0.1059,0.0578,0
265845,0.2678,-0.0043,-0.0134,0.9634,0.0135,-0.1025,0.0936,0
266012,0.2679,-0.0043,-0.0135,0.9634,0.0005,-0.1017,0.0851,0
266178,0.2677,-0.0043,-0.0137,0.9634,-0.0057,-0.1100,0.0548,0
266345,0.2676,-0.0042,-0.0138,0.9634,-0.0054,-0.1157,0.0672,0
266512,0.2677,-0.0042,-0.0139,0.9634,-0.0076,-0.1303,0.0800,0
266678,0.2674,-0.0042,-0.0140,0.9635,-0.0025,-0.1223,0.0876,0
266845,0.2674,-0.0041,-0.0141,0.9635,-0.0019,-0.1171,0.0611,0
267012,0.2673,-0.0041,-0.0143,0.9635,0.0077,-0.1245,0.0773,0
267178,0.2677,-0.0041,-0.0144,0.9634,0.0065,-0.1343,0.0823,0
267345,0.2675,-0.0040,-0.0145,0.9634,-0.0038,-0.1253,0.0713,0
267512,0.2674,-0.0040,-0.0146,0.9635,0.0004,-0.1463,0.0782,0
267678,0.2674,-0.0040,-0.0147,0.9635,-0.0116,-0.1444,0.0869,0
267845,0.2675,-0.0040,-0.0148,0.9634,-0.0145,-0.1345,0.0897,0
268012,0.2674,-0.0039,-0.0150,0.9635,-0.0042,-0.1415,0.0704,0
268178,0.2675,-0.0039,-0.0151,0.9634,0.0032,-0.1541,0.0659,0
268345,0.2677,-0.0039,-0.0152,0.9634,0.0059,-0.1351,0.0782,0
268512,0.2676,-0.0038,-0.0153,0.9634,0.0078,-0.1348,0.0898,0
268678,0.2675,-0.0038,-0.0154,0.9634,0.0109,-0.1418,0.0829,0
268845,0.2674,-0.0038,-0.0155,0.9634,-0.0085,-0.1542,0.0761,0
269012,0.2673,-0.0037,-0.0156,0.9635,-0.0067,-0.1688,0.0731,0
269178,0.2672,-0.0037,-0.0158,0.9635,-0.0009,-0.1499,0.0708,0
269345,0.2672,-0.0037,-0.0159,0.9635,0.0101,-0.1769,0.0783,0
269512,0.2671,-0.0037,-0.0160,0.9635,-0.0035,-0.1600,0.0845,0
269678,0.2670,-0.0036,-0.0161,0.9636,0.0018,-0.1544,0.0669,0
269845,0.2673,-0.0036,-0.0162,0.9635,-0.0011,-0.1699,0.0845,0
270012,0.2671,-0.0036,-0.0163,0.9635,-0.0023,-0.1610,0.0525,0
270178,0.2670,-0.0035,-0.0164,0.9635,-0.0024,-0.1585,0.0886,0
270345,0.2670,-0.0035,-0.0165,0.9636,-0.0094,-0.1634,0.0578,0
270512,0.2669,-0.0035,-0.0166,0.9636,0.0003,-0.1673,0.0879,0
270678,0.2669,-0.0035,-0.0167,0.9636,0.0126,-0.1771,0.0774,0
270845,0.2668,-0.0034,-0.0169,0.9636,0.0019,-0.1675,0.0861,0
271012,0.2667,-0.0034,-0.0170,0.9636,-0.0042,-0.1716,0.0489,0
271178,0.2668,-0.0034,-0.0171,0.9636,0.0021,-0.1710,0.0826,0
271345,0.2667,-0.0033,-0.0172,0.9636,-0.0058,-0.1809,0.0820,0
271512,0.2665,-0.0033,-0.0173,0.9637,-0.0042,-0.1863,0.0690,0
271678,0.2665,-0.0033,-0.0174,0.9637,-0.0025,-0.1931,0.0926,0
271845,0.2664,-0.0033,-0.0175,0.9637,0.0212,-0.1839,0.0819,0
272012,0.2663,-0.0032,-0.0176,0.9637,0.0184,-0.1851,0.0784,0
272178,0.2662,-0.0032,-0.0177,0.9637,-0.0115,-0.2049,0.0763,0
272345,0.2661,-0.0032,-0.0178,0.9638,-0.0032,-0.1978,0.0783,0
272512,0.2660,-0.0032,-0.0179,0.9638,0.0074,-0.2003,0.0908,0
272678,0.2660,-0.0031,-0.0180,0.9638,-0.0046,-0.1972,0.0791,0
272845,0.2659,-0.0031,-0.0181,0.9638,-0.0071,-0.1983,0.0749,0
273012,0.2659,-0.0031,-0.0182,0.9638,-0.0004,-0.1973,0.0659,0
273178,0.2658,-0.0031,-0.0183,0.9639,0.0205,-0.1995,0.0696,0
273345,0.2658,-0.0031,-0.0183,0.9638,0.0044,-0.2052,0.0741,0
273512,0.2658,-0.0030,-0.0184,0.9638,-0.0073,-0.1939,0.0725,0
273678,0.2657,-0.0030,-0.0185,0.9639,-0.0161,-0.2061,0.0646,0
273845,0.2656,-0.0030,-0.0186,0.9639,0.0130,-0.2095,0.0610,0
274012,0.2656,-0.0030,-0.0187,0.9639,-0.0086,-0.2016,0.0635,0
274178,0.2655,-0.0030,-0.0188,0.9639,-0.0132,-0.2024,0.0525,0
274345,0.2655,-0.0030,-0.0189,0.9639,0.0025,-0.2273,0.0937,0
274512,0.2655,-0.0029,-0.0190,0.9639,0.0033,-0.2224,0.0830,0
274678,0.2655,-0.0029,-0.0191,0.9639,0.0091,-0.2112,0.0919,0
274845,0.2653,-0.0029,-0.0192,0.9640,-0.0112,-0.2223,0.0822,0
275012,0.2653,-0.0029,-0.0193,0.9640,-0.0066,-0.2317,0.0890,0
275178,0.2652,-0.0029,-0.0194,0.9640,0.0029,-0.2342,0.0769,0
275345,0.2652,-0.0028,-0.0194,0.9640,-0.0084,-0.2219,0.0925,0
275512,0.2652,-0.0028,-0.0195,0.9640,-0.0084,-0.2398,0.1010,0
275678,0.2651,-0.0028,-0.0196,0.9640,-0.0001,-0.2312,0.0545,0
275845,0.2651,-0.0028,-0.0196,0.9640,0.0021,-0.2428,0.0703,0
276012,0.2649,-0.0028,-0.0197,0.9641,-0.0101,-0.2455,0.0953,0
276178,0.2648,-0.0028,-0.0198,0.9641,-0.0050,-0.2469,0.0793,0
276345,0.2647,-0.0028,-0.0198,0.9641,-0.0058,-0.2451,0.0702,0
276512,0.2646,-0.0027,-0.0199,0.9642,-0.0107,-0.2432,0.0880,0
276678,0.2645,-0.0027,-0.0200,0.9642,-0.0131,-0.2374,0.0754,0
276845,0.2645,-0.0027,-0.0201,0.9642,-0.0058,-0.2459,0.0853,0
277012,0.2644,-0.0027,-0.0201,0.9642,-0.0162,-0.2544,0.0681,0
277178,0.2644,-0.0027,-0.0202,0.9642,0.0060,-0.2411,0.0721,0
277345,0.2643,-0.0027,-0.0203,0.9642,0.0054,-0.2361,0.0601,0
277512,0.2642,-0.0026,-0.0203,0.9642,-0.0000,-0.2529,0.0712,0
277678,0.2641,-0.0026,-0.0204,0.9643,-0.0120,-0.2535,0.0859,0
277845,0.2640,-0.0026,-0.0204,0.9643,-0.0062,-0.2432,0.0768,0
278012,0.2640,-0.0026,-0.0205,0.9643,-0.0025,-0.2441,0.0400,0
278178,0.2639,-0.0026,-0.0205,0.9643,-0.0121,-0.2561,0.0629,0
278345,0.2714,-0.0058,-0.0080,0.9624,-0.0084,-0.0024,0.0948,0
278512,0.2714,-0.0058,-0.0080,0.9624,-0.0067,-0.0035,0.0756,0
278678,0.2714,-0.0058,-0.0080,0.9624,-0.0005,0.0089,0.0786,0
278845,0.2714,-0.0058,-0.0080,0.9624,0.0080,-0.0085,0.0551,0
279012,0.2714,-0.0058,-0.0080,0.9624,0.0115,-0.0072,0.1059,0
279178,0.2714,-0.0058,-0.0080,0.9624,-0.0065,-0.0076,0.0635,0
279345,0.2714,-0.0058,-0.0080,0.9624,0.0142,0.0026,0.0629,0
279512,0.2714,-0.0058,-0.0080,0.9624,-0.0033,0.0152,0.0901,0
279678,0.2714,-0.0058,-0.0080,0.9624,0.0137,0.0215,0.0846,0
279845,0.2714,-0.0058,-0.0080,0.9624,0.0069,0.0076,0.0835,0
280012,0.2714,-0.0058,-0.0080,0.9624,-0.0013,0.0031,0.0552,0
280178,0.2714,-0.0058,-0.0080,0.9624,-0.0171,-0.0070,0.0936,0
280345,0.2714,-0.0058,-0.0080,0.9624,-0.0053,-0.0026,0.0783,0
280512,0.2714,-0.0058,-0.0080,0.9624,-0.0072,0.0041,0.0996,0
280679,0.2714,-0.0058,-0.0080,0.9624,0.0167,-0.0098,0.0898,0
280845,0.2714,-0.0058,-0.0080,0.9624,-0.0019,0.0028,0.0879,0
281012,0.2714,-0.0058,-0.0080,0.9624,0.0058,0.0043,0.0956,0
281179,0.2714,-0.0058,-0.0080,0.9624,-0.0012,0.0048,0.0871,0
281345,0.2714,-0.0058,-0.0080,0.9624,0.0092,0.0089,0.0956,0
281512,0.2714,-0.0058,-0.0080,0.9624,-0.0015,0.0001,0.0873,0
281679,0.2714,-0.0058,-0.0080,0.9624,0.0163,0.0053,0.0790,0
281845,0.2714,-0.0058,-0.0080,0.9624,0.0126,0.0007,0.0594,0
282012,0.2714,-0.0058,-0.0080,0.9624,0.0033,-0.0139,0.0615,0
282179,0.2714,-0.0058,-0.0080,0.9624,0.0004,-0.0123,0.0693,0
282345,0.2714,-0.0058,-0.0080,0.9624,0.0054,0.0043,0.0891,0
282512,0.2714,-0.0058,-0.0080,0.9624,0.0056,0.0192,0.0515,0
282679,0.2714,-0.0058,-0.0080,0.9624,0.0008,0.0039,0.0529,0
282845,0.2714,-0.0058,-0.0080,0.9624,0.0187,0.0244,0.0705,0
283012,0.2714,-0.0058,-0.0080,0.9624,-0.0065,-0.0050,0.1030,0
283179,0.2714,-0.0058,-0.0080,0.9624,-0.0199,-0.0064,0.1057,0
283345,0.2714,-0.0058,-0.0080,0.9624,-0.0106,-0.0173,0.0858,0
283512,0.2714,-0.0058,-0.0080,0.9624,-0.0079,0.0071,0.0675,0
283679,0.2714,-0.0058,-0.0080,0.9624,0.0073,0.0021,0.0723,0
283845,0.2714,-0.0059,-0.0080,0.9624,0.0084,0.0122,0.0723,0
284012,0.2714,-0.0058,-0.0080,0.9624,0.0125,-0.0053,0.0809,0
284179,0.2714,-0.0058,-0.0080,0.9624,-0.0009,-0.0065,0.0861,0
284345,0.2714,-0.0059,-0.0080,0.9624,-0.0083,0.0165,0.1022,0
284512,0.2714,-0.0058,-0.0080,0.9624,0.0027,-0.0057,0.0486,0
284679,0.2712,-0.0058,-0.0080,0.9625,-0.0077,0.0079,0.0846,0
284845,0.2712,-0.0058,-0.0080,0.9625,-0.0066,0.0161,0.0812,0
285012,0.2711,-0.0058,-0.0080,0.9625,0.0023,0.0092,0.0926,0
285179,0.2711,-0.0058,-0.0080,0.9625,0.0172,-0.0003,0.0867,0
285345,0.2711,-0.0058,-0.0080,0.9625,0.0032,0.0077,0.0862,0
285512,0.2710,-0.0058,-0.0080,0.9625,0.0076,-0.0026,0.0897,0
285679,0.2710,-0.0058,-0.0080,0.9625,0.0004,0.0001,0.0679,0
285845,0.2710,-0.0058,-0.0080,0.9625,-0.0113,0.0022,0.0724,0
286012,0.2710,-0.0058,-0.0080,0.9625,-0.0005,-0.0204,0.0798,0
286179,0.2709,-0.0058,-0.0080,0.9625,0.0065,0.0039,0.0705,0
286345,0.2709,-0.0058,-0.0080,0.9626,0.0078,0.0031,0.0904,0
286512,0.2709,-0.0058,-0.0080,0.9626,0.0026,0.0107,0.0633,0
286679,0.2708,-0.0058,-0.0080,0.9626,-0.0011,0.0008,0.0417,0
286845,0.2708,-0.0058,-0.0080,0.9626,-0.0005,-0.0099,0.0958,0
287012,0.2707,-0.0058,-0.0080,0.9626,0.0076,0.0174,0.0852,0
287179,0.2707,-0.0058,-0.0080,0.9626,-0.0105,0.0035,0.0920,0
287345,0.2707,-0.0058,-0.0080,0.9626,0.0072,-0.0085,0.0655,0
287512,0.2707,-0.0058,-0.0080,0.9626,-0.0032,0.0018,0.0889,0
287679,0.2706,-0.0058,-0.0080,0.9626,0.0066,0.0086,0.0634,0
287845,0.2706,-0.0058,-0.0080,0.9626,0.0048,0.0132,0.0814,0
288012,0.2706,-0.0058,-0.0080,0.9626,-0.0045,0.0141,0.0754,0
288179,0.2706,-0.0058,-0.0080,0.9626,0.0088,-0.0023,0.0523,0
288345,0.2706,-0.0058,-0.0080,0.9626,-0.0054,0.0108,0.0812,0
288512,0.2705,-0.0058,-0.0080,0.9627,-0.0120,-0.0196,0.0748,0
288679,0.2705,-0.0058,-0.0080,0.9627,-0.0079,-0.0035,0.0924,0
288845,0.2704,-0.0058,-0.0080,0.9627,-0.0111,0.0058,0.0659,0
289012,0.2704,-0.0058,-0.0080,0.9627,-0.0075,-0.0090,0.0821,0
289179,0.2704,-0.0058,-0.0080,0.9627,0.0004,0.0075,0.0736,0
289345,0.2704,-0.0058,-0.0080,0.9627,-0.0088,0.0029,0.0813,0
289512,0.2704,-0.0058,-0.0080,0.9627,-0.0037,0.0189,0.0958,0
289679,0.2704,-0.0058,-0.0080,0.9627,-0.0048,-0.0044,0.0946,0
289845,0.2703,-0.0058,-0.0080,0.9627,-0.0103,0.0017,0.0699,0
290012,0.2704,-0.0058,-0.0080,0.9627,-0.0059,0.0022,0.0697,0
290179,0.2704,-0.0058,-0.0080,0.9627,-0.0099,0.0078,0.0920,0
290345,0.2704,-0.0058,-0.0080,0.9627,0.0027,-0.0081,0.0882,0
290512,0.2703,-0.0058,-0.0080,0.9627,0.0004,0.0022,0.0641,0
290679,0.2703,-0.0058,-0.0080,0.9627,0.0082,0.0105,0.0721,0
290845,0.2703,-0.0058,-0.0080,0.9627,0.0074,0.0076,0.0887,0
291012,0.2703,-0.0058,-0.0080,0.9627,0.0006,0.0094,0.0791,0
291179,0.2702,-0.0058,-0.0080,0.9628,-0.0032,-0.0057,0.0660,0
291345,0.2702,-0.0058,-0.0080,0.9628,-0.0080,-0.0017,0.0849,0
291512,0.2702,-0.0058,-0.0080,0.9628,0.0075,-0.0009,0.0834,0
291679,0.2702,-0.0058,-0.0080,0.9627,-0.0101,-0.0036,0.0801,0
291845,0.2702,-0.0058,-0.0080,0.9627,-0.0073,0.0041,0.0904,0
292012,0.2702,-0.0058,-0.0080,0.9628,0.0014,0.0126,0.0951,0
292179,0.2702,-0.0058,-0.0080,0.9627,-0.0050,-0.0052,0.0657,0
292345,0.2702,-0.0058,-0.0080,0.9628,-0.0179,0.0128,0.0831,0
292512,0.2701,-0.0058,-0.0080,0.9628,-0.0046,-0.0031,0.0934,0
292679,0.2701,-0.0059,-0.0080,0.9628,0.0094,0.0101,0.0910,0
292845,0.2701,-0.0059,-0.0080,0.9628,0.0011,-0.0008,0.0748,0
293012,0.2701,-0.0059,-0.0080,0.9628,0.0066,0.0180,0.0696,0
293179,0.2700,-0.0059,-0.0080,0.9628,-0.0087,0.0173,0.0783,0
293345,0.2700,-0.0059,-0.0080,0.9628,-0.0080,-0.0063,0.0808,0
293512,0.2700,-0.0059,-0.0080,0.9628,0.0083,-0.0019,0.0782,0
293679,0.2700,-0.0059,-0.0080,0.9628,-0.0072,0.0058,0.0917,0
293845,0.2700,-0.0059,-0.0080,0.9628,-0.0112,-0.0023,0.0713,0
294012,0.2700,-0.0059,-0.0080,0.9628,0.0154,-0.0060,0.1011,0
294179,0.2700,-0.0059,-0.0080,0.9628,0.0009,-0.0080,0.0598,0
294345,0.2700,-0.0059,-0.0080,0.9628,-0.0053,-0.0016,0.0677,0
294512,0.2699,-0.0059,-0.0080,0.9628,0.0056,0.0034,0.0812,0
294679,0.2699,-0.0059,-0.0080,0.9628,0.0053,0.0013,0.0621,0
294845,0.2699,-0.0059,-0.0080,0.9628,0.0138,-0.0003,0.0836,0
295012,0.2698,-0.0059,-0.0080,0.9629,-0.0115,0.0005,0.0757,0
295179,0.2698,-0.0059,-0.0080,0.9629,0.0010,0.0054,0.0777,0
295345,0.2698,-0.0059,-0.0080,0.9629,-0.0135,0.0078,0.0830,0
295512,0.2697,-0.0059,-0.0080,0.9629,-0.0027,-0.0124,0.0638,0
295679,0.2697,-0.0059,-0.0080,0.9629,-0.0012,0.0116,0.0992,0
295845,0.2696,-0.0059,-0.0080,0.9629,-0.0016,0.0031,0.0767,0
296012,0.2696,-0.0059,-0.0080,0.9629,0.0012,-0.0140,0.0806,0
296179,0.2697,-0.0059,-0.0080,0.9629,0.0056,-0.0067,0.0789,0
296345,0.2697,-0.0059,-0.0081,0.9629,-0.0035,0.0019,0.1017,0
296512,0.2697,-0.0059,-0.0080,0.9629,0.0191,0.0218,0.0910,0
296679,0.2697,-0.0059,-0.0081,0.9629,0.0072,0.0007,0.0831,0
296845,0.2697,-0.0059,-0.0081,0.9629,-0.0136,0.0030,0.0715,0
297012,0.2697,-0.0059,-0.0081,0.9629,-0.0117,-0.0040,0.0716,0
297179,0.2697,-0.0059,-0.0081,0.9629,-0.0186,-0.0087,0.0861,0
297346,0.2696,-0.0059,-0.0081,0.9629,0.0014,-0.0110,0.0971,0
297512,0.2696,-0.0059,-0.0081,0.9629,0.0142,-0.0006,0.1154,0
297679,0.2696,-0.0059,-0.0081,0.9629,0.0106,0.0127,0.0631,0
297846,0.2695,-0.0059,-0.0081,0.9629,0.0059,-0.0023,0.0984,0
298012,0.2695,-0.0059,-0.0080,0.9630,-0.0006,0.0006,0.0609,0
298179,0.2695,-0.0059,-0.0080,0.9630,0.0017,-0.0038,0.0968,0
298346,0.2695,-0.0058,-0.0080,0.9629,0.0015,0.0071,0.0855,0
298512,0.2695,-0.0058,-0.0080,0.9630,-0.0105,-0.0048,0.0867,0
298679,0.2695,-0.0058,-0.0080,0.9630,-0.0024,0.0071,0.0879,0
298846,0.2694,-0.0058,-0.0080,0.9630,0.0155,0.0015,0.0749,0
299012,0.2695,-0.0058,-0.0080,0.9630,-0.0031,-0.0069,0.0634,0
299179,0.2695,-0.0058,-0.0080,0.9630,-0.0057,-0.0016,0.0835,0
299346,0.2695,-0.0058,-0.0080,0.9630,0.0002,-0.0062,0.0944,0
299512,0.2694,-0.0058,-0.0080,0.9630,-0.0015,0.0079,0.0617,0
299679,0.2695,-0.0058,-0.0080,0.9630,0.0006,0.0108,0.0924,0
299846,0.2695,-0.0058,-0.0080,0.9630,-0.0047,0.0175,0.0645,0
300012,0.2694,-0.0058,-0.0080,0.9630,-0.0106,0.0032,0.0816,0
300179,0.2695,-0.0058,-0.0080,0.9630,-0.0129,0.0041,0.0820,0
300346,0.2695,-0.0058,-0.0081,0.9630,-0.0057,0.0061,0.0765,0
300512,0.2694,-0.0058,-0.0081,0.9630,0.0053,0.0046,0.0767,0
300679,0.2694,-0.0058,-0.0081,0.9630,0.0099,-0.0105,0.0751,0
300846,0.2695,-0.0058,-0.0080,0.9630,-0.0057,0.0063,0.0758,0
301012,0.2694,-0.0058,-0.0080,0.9630,-0.0033,0.0099,0.0629,0
301179,0.2694,-0.0058,-0.0080,0.9630,-0.0162,0.0019,0.0899,0
301346,0.2694,-0.0058,-0.0080,0.9630,0.0004,-0.0121,0.0956,0
301512,0.2694,-0.0058,-0.0080,0.9630,-0.0103,-0.0014,0.0729,0
301679,0.2693,-0.0058,-0.0080,0.9630,0.0005,0.0008,0.0652,0
301846,0.2694,-0.0058,-0.0081,0.9630,-0.0125,0.0101,0.0839,0
302012,0.2694,-0.0058,-0.0080,0.9630,0.0139,-0.0044,0.0787,0
302179,0.2694,-0.0058,-0.0080,0.9630,0.0079,0.0150,0.0572,0
302346,0.2693,-0.0058,-0.0080,0.9630,0.0100,0.0069,0.0519,0
302512,0.2693,-0.0058,-0.0080,0.9630,-0.0057,-0.0068,0.0809,0
302679,0.2692,-0.0058,-0.0080,0.9630,-0.0078,0.0002,0.0604,0
302846,0.2692,-0.0058,-0.0080,0.9630,-0.0050,-0.0031,0.0769,0
303012,0.2692,-0.0058,-0.0080,0.9630,0.0132,0.0158,0.0907,0
303179,0.2691,-0.0058,-0.0080,0.9631,0.0116,0.0146,0.0820,0
303346,0.2692,-0.0058,-0.0080,0.9630,0.0132,-0.0079,0.0799,0
303512,0.2691,-0.0058,-0.0080,0.9631,-0.0083,-0.0049,0.0659,0
303679,0.2691,-0.0058,-0.0080,0.9631,0.0053,-0.0081,0.0877,0
303846,0.2690,-0.0058,-0.0080,0.9631,-0.0036,-0.0015,0.0968,0
304012,0.2690,-0.0058,-0.0080,0.9631,0.0126,-0.0049,0.0920,0
304179,0.2690,-0.0058,-0.0080,0.9631,0.0039,0.0080,0.0854,0
304346,0.2690,-0.0058,-0.0080,0.9631,-0.0018,-0.0087,0.0794,0
304512,0.2690,-0.0058,-0.0080,0.9631,0.0071,-0.0110,0.0864,0
304679,0.2690,-0.0058,-0.0080,0.9631,0.0096,-0.0088,0.0976,0
304846,0.2690,-0.0058,-0.0080,0.9631,0.0054,-0.0088,0.0539,0
305012,0.2689,-0.0058,-0.0080,0.9631,0.0057,0.0016,0.0779,0
305179,0.2689,-0.0058,-0.0080,0.9631,0.0008,0.0112,0.0618,0
305346,0.2690,-0.0058,-0.0080,0.9631,0.0138,0.0119,0.0858,0
305512,0.2689,-0.0058,-0.0080,0.9631,0.0035,-0.0018,0.0786,0
305679,0.2689,-0.0058,-0.0080,0.9631,0.0076,-0.0139,0.0633,0
305846,0.2689,-0.0058,-0.0080,0.9631,-0.0027,-0.0013,0.0875,0
306012,0.2689,-0.0058,-0.0080,0.9631,-0.0135,-0.0117,0.0644,0
306179,0.2690,-0.0058,-0.0080,0.9631,0.0012,-0.0142,0.0605,0
306346,0.2690,-0.0058,-0.0080,0.9631,-0.0016,-0.0015,0.0665,0
306512,0.2690,-0.0058,-0.0080,0.9631,0.0167,0.0034,0.0785,0
306679,0.2690,-0.0057,-0.0080,0.9631,0.0116,0.0002,0.0763,0
306846,0.2690,-0.0057,-0.0080,0.9631,0.0140,0.0127,0.0444,0
307012,0.2690,-0.0057,-0.0080,0.9631,0.0080,-0.0187,0.0694,0
307179,0.2690,-0.0057,-0.0080,0.9631,0.0004,-0.0178,0.0685,0
307346,0.2690,-0.0057,-0.0080,0.9631,0.0055,-0.0051,0.0946,0
307512,0.2690,-0.0057,-0.0080,0.9631,-0.0073,0.0138,0.0737,0
307679,0.2690,-0.0057,-0.0080,0.9631,0.0071,0.0090,0.0729,0
307846,0.2690,-0.0057,-0.0080,0.9631,-0.0011,-0.0050,0.0810,0
308012,0.2689,-0.0057,-0.0080,0.9631,0.0045,-0.0062,0.0937,0
308179,0.2689,-0.0057,-0.0080,0.9631,-0.0076,-0.0004,0.0793,0
308346,0.2689,-0.0057,-0.0080,0.9631,-0.0098,0.0111,0.0780,0
308512,0.2689,-0.0057,-0.0080,0.9631,0.0013,0.0047,0.0881,0
308679,0.2689,-0.0057,-0.0080,0.9631,0.0085,-0.0056,0.1121,0
308846,0.2689,-0.0057,-0.0080,0.9631,-0.0001,0.0110,0.0666,0
309012,0.2689,-0.0057,-0.0080,0.9631,0.0086,0.0076,0.0866,0
309179,0.2689,-0.0057,-0.0080,0.9631,-0.0007,-0.0047,0.0789,0
309346,0.2689,-0.0057,-0.0080,0.9631,0.0028,-0.0075,0.0624,0
309512,0.2688,-0.0057,-0.0080,0.9631,-0.0063,-0.0004,0.0959,0
309679,0.2688,-0.0057,-0.0080,0.9631,0.0090,0.0047,0.0722,0
309846,0.2689,-0.0057,-0.0080,0.9631,-0.0032,0.0109,0.0989,0
310012,0.2688,-0.0057,-0.0080,0.9631,0.0016,0.0044,0.0939,0
310179,0.2688,-0.0057,-0.0079,0.9631,0.0087,-0.0009,0.0621,0
310346,0.2688,-0.0057,-0.0079,0.9631,0.0093,0.0044,0.0930,0
310512,0.2688,-0.0058,-0.0079,0.9631,-0.0038,0.0085,0.0712,0
310679,0.2688,-0.0057,-0.0079,0.9631,0.0198,-0.0122,0.0753,0
310846,0.2688,-0.0057,-0.0079,0.9631,-0.0012,-0.0203,0.0866,0
311012,0.2688,-0.0058,-0.0079,0.9631,-0.0071,-0.0009,0.0818,0
311179,0.2688,-0.0057,-0.0079,0.9631,-0.0018,0.0153,0.0657,0
311346,0.2688,-0.0057,-0.0079,0.9631,0.0022,-0.0055,0.0856,0
311512,0.2689,-0.0057,-0.0079,0.9631,0.0048,-0.0051,0.0872,0
311679,0.2689,-0.0058,-0.0079,0.9631,0.0176,-0.0090,0.0993,0
311846,0.2689,-0.0057,-0.0079,0.9631,0.0064,-0.0025,0.0742,0
312012,0.2689,-0.0057,-0.0079,0.9631,0.0008,0.0115,0.0755,0
312179,0.2688,-0.0057,-0.0079,0.9631,0.0051,0.0159,0.0931,0
312346,0.2688,-0.0057,-0.0079,0.9631,0.0011,-0.0061,0.0949,0
312512,0.2688,-0.0057,-0.0079,0.9631,-0.0100,0.0107,0.0638,0
312679,0.2688,-0.0057,-0.0079,0.9631,-0.0017,-0.0024,0.0856,0
312846,0.2688,-0.0057,-0.0079,0.9631,-0.0198,-0.0026,0.0730,0
313012,0.2688,-0.0057,-0.0079,0.9632,0.0152,0.0131,0.0893,0
313179,0.2688,-0.0058,-0.0079,0.9632,0.0108,-0.0036,0.0692,0
313346,0.2688,-0.0058,-0.0079,0.9632,0.0216,-0.0031,0.0633,0
313512,0.2687,-0.0058,-0.0079,0.9632,-0.0008,0.0076,0.0837,0
313679,0.2687,-0.0058,-0.0079,0.9632,0.0112,0.0004,0.0733,0
313846,0.2687,-0.0058,-0.0079,0.9632,0.0081,0.0069,0.0788,0
314013,0.2687,-0.0058,-0.0079,0.9632,-0.0025,0.0096,0.0724,0
314179,0.2687,-0.0058,-0.0079,0.9632,-0.0079,-0.0077,0.0709,0
314346,0.2687,-0.0057,-0.0079,0.9632,0.0058,0.0108,0.0785,0
314513,0.2687,-0.0057,-0.0079,0.9632,-0.0019,0.0014,0.0776,0
314679,0.2687,-0.0058,-0.0079,0.9632,0.0068,0.0003,0.0605,0
314846,0.2687,-0.0058,-0.0079,0.9632,0.0028,0.0140,0.0646,0
315013,0.2687,-0.0058,-0.0079,0.9632,0.0015,0.0092,0.0794,0
315179,0.2687,-0.0058,-0.0079,0.9632,-0.0008,0.0005,0.0711,0
315346,0.2687,-0.0058,-0.0079,0.9632,-0.0098,0.0117,0.0863,0
315513,0.2687,-0.0058,-0.0079,0.9632,-0.0172,-0.0048,0.0594,0
315679,0.2687,-0.0058,-0.0079,0.9632,-0.0027,-0.0054,0.0885,0
315846,0.2687,-0.0058,-0.0079,0.9632,0.0078,-0.0054,0.1039,0
316013,0.2687,-0.0058,-0.0079,0.9632,-0.0034,-0.0005,0.0721,0
316179,0.2687,-0.0058,-0.0079,0.9632,-0.0036,-0.0025,0.0610,0
316346,0.2687,-0.0058,-0.0079,0.9632,-0.0083,0.0066,0.0541,0
316513,0.2687,-0.0058,-0.0079,0.9632,0.0013,0.0142,0.0894,0
316679,0.2687,-0.0058,-0.0079,0.9632,0.0032,0.0219,0.0795,0
316846,0.2687,-0.0058,-0.0079,0.9632,-0.0037,0.0118,0.0814,0
317013,0.2686,-0.0058,-0.0079,0.9632,0.0030,-0.0093,0.0884,0
317179,0.2687,-0.0058,-0.0079,0.9632,-0.0130,-0.0043,0.0994,0
317346,0.2687,-0.0058,-0.0079,0.9632,-0.0104,-0.0111,0.0812,0
317513,0.2687,-0.0058,-0.0079,0.9632,0.0047,-0.0014,0.0845,0
317679,0.2687,-0.0058,-0.0079,0.9632,0.0061,-0.0003,0.0862,0
317846,0.2687,-0.0058,-0.0079,0.9632,0.0079,0.0112,0.0772,0
318013,1.0000,-0.0091,0.0034,0.0000,-0.0012,-0.0161,0.0879,0
318179,1.0000,-0.0091,0.0034,0.0000,0.0001,-0.0079,0.0946,0
318346,1.0000,-0.0093,0.0035,-0.0000,0.0051,0.0181,0.0870,0
318513,1.0000,-0.0093,0.0035,-0.0000,0.0074,-0.0010,0.1051,0
318679,1.0000,-0.0093,0.0035,0.0000,0.0031,0.0102,0.0578,0
318846,1.0000,-0.0093,0.0035,0.0000,0.0053,0.0088,0.0729,0
319013,1.0000,-0.0093,0.0034,0.0000,-0.0022,0.0000,0.0810,0
319179,1.0000,-0.0093,0.0035,0.0000,0.0089,0.0153,0.0857,0
319346,1.0000,-0.0093,0.0035,0.0000,-0.0010,0.0085,0.1034,0
319513,1.0000,-0.0093,0.0034,0.0000,-0.0150,0.0006,0.0654,0
319679,1.0000,-0.0093,0.0034,0.0000,-0.0024,-0.0026,0.0724,0
319846,1.0000,-0.0093,0.0034,0.0000,-0.0080,-0.0118,0.0732,0
320013,1.0000,-0.0093,0.0034,0.0001,-0.0039,-0.0039,0.0792,0
320179,1.0000,-0.0093,0.0034,0.0000,0.0130,0.0015,0.0770,0
320346,1.0000,-0.0093,0.0034,0.0000,-0.0031,0.0062,0.0901,0
320513,1.0000,-0.0093,0.0034,0.0000,0.0011,0.0065,0.0841,0
320679,1.0000,-0.0093,0.0034,-0.0000,0.0066,0.0048,0.0747,0
320846,1.0000,-0.0093,0.0034,-0.0000,0.0010,0.0074,0.0610,0
321013,1.0000,-0.0093,0.0034,-0.0001,0.0027,0.0045,0.0986,0
321179,1.0000,-0.0093,0.0034,-0.0001,0.0055,-0.0125,0.0878,0
321346,1.0000,-0.0093,0.0034,-0.0000,0.0065,0.0085,0.0891,0
321513,1.0000,-0.0093,0.0034,-0.0000,-0.0038,0.0112,0.0902,0
321679,1.0000,-0.0093,0.0034,-0.0001,0.0043,-0.0016,0.0838,0
321846,1.0000,-0.0093,0.0034,-0.0001,0.0097,0.0042,0.0650,0
322013,1.0000,-0.0093,0.0034,-0.0001,0.0122,-0.0009,0.0805,0
322179,1.0000,-0.0093,0.0035,-0.0001,-0.0069,-0.0115,0.0866,0
322346,1.0000,-0.0093,0.0035,-0.0001,0.0001,0.0149,0.0548,0
322513,1.0000,-0.0093,0.0035,-0.0001,0.0026,0.0005,0.0773,0
322679,1.0000,-0.0093,0.0034,-0.0001,-0.0079,0.0044,0.0754,0
322846,1.0000,-0.0093,0.0034,-0.0001,0.0009,0.0044,0.0643,0
323013,1.0000,-0.0093,0.0034,-0.0001,-0.0091,0.0024,0.1024,0
323179,1.0000,-0.0093,0.0034,-0.0001,0.0053,-0.0079,0.0986,0
323346,1.0000,-0.0093,0.0034,-0.0002,-0.0015,0.0041,0.0861,0
323513,1.0000,-0.0093,0.0035,-0.0001,0.0013,0.0095,0.0715,0
323679,1.0000,-0.0093,0.0035,-0.0001,0.0009,0.0097,0.0788,0
323846,1.0000,-0.0093,0.0035,-0.0001,0.0045,0.0097,0.0925,0
324013,1.0000,-0.0093,0.0035,-0.0001,0.0006,0.0072,0.0661,0
324179,1.0000,-0.0093,0.0035,-0.0001,-0.0025,-0.0118,0.0915,0
324346,1.0000,-0.0093,0.0035,-0.0001,0.0090,-0.0218,0.0697,0
324513,1.0000,-0.0093,0.0035,-0.0001,0.0026,-0.0014,0.0775,0
324679,1.0000,-0.0093,0.0035,-0.0002,-0.0070,-0.0083,0.0819,0
324846,1.0000,-0.0093,0.0035,-0.0002,0.0036,0.0024,0.1031,0
325013,1.0000,-0.0093,0.0035,-0.0002,-0.0017,0.0023,0.0985,0
325179,1.0000,-0.0093,0.0035,-0.0002,0.0102,0.0020,0.0784,0
325346,1.0000,-0.0093,0.0035,-0.0002,0.0074,-0.0167,0.1095,0
325513,1.0000,-0.0093,0.0035,-0.0002,-0.0070,-0.0143,0.0869,0
325679,1.0000,-0.0093,0.0035,-0.0002,-0.0051,-0.0118,0.0696,0
325846,1.0000,-0.0093,0.0035,-0.0002,-0.0079,0.0211,0.0853,0
326013,1.0000,-0.0093,0.0035,-0.0002,0.0044,0.0130,0.0499,0
326179,1.0000,-0.0093,0.0035,-0.0002,0.0057,-0.0144,0.0633,0
326346,1.0000,-0.0093,0.0035,-0.0002,0.0039,0.0054,0.0817,0
326513,1.0000,-0.0093,0.0035,-0.0002,-0.0023,0.0053,0.0652,0
326679,1.0000,-0.0093,0.0034,-0.0002,0.0050,0.0041,0.0931,0
326846,1.0000,-0.0093,0.0035,-0.0003,-0.0092,-0.0143,0.0705,0
327013,1.0000,-0.0093,0.0035,-0.0003,-0.0042,0.0131,0.0836,0
327179,1.0000,-0.0093,0.0035,-0.0002,0.0064,0.0228,0.0889,0
327346,1.0000,-0.0093,0.0035,-0.0003,0.0095,0.0107,0.0742,0
327513,1.0000,-0.0093,0.0034,-0.0003,0.0068,-0.0013,0.0725,0
327679,1.0000,-0.0093,0.0034,-0.0003,-0.0036,-0.0005,0.1013,0
327846,1.0000,-0.0093,0.0034,-0.0003,0.0012,0.0049,0.0877,0
328013,1.0000,-0.0093,0.0034,-0.0003,-0.0027,0.0040,0.0852,0
328179,1.0000,-0.0093,0.0034,-0.0003,0.0025,-0.0045,0.0688,0
328346,1.0000,-0.0093,0.0034,-0.0003,-0.0012,-0.0076,0.0718,0
328513,1.0000,-0.0093,0.0034,-0.0003,0.0017,-0.0019,0.0737,0
328679,1.0000,-0.0093,0.0034,-0.0003,-0.0038,0.0088,0.0917,0
328846,1.0000,-0.0093,0.0034,-0.0003,-0.0006,0.0064,0.0669,0
329013,1.0000,-0.0093,0.0034,-0.0003,0.0035,0.0030,0.0913,0
329179,1.0000,-0.0093,0.0034,-0.0003,-0.0070,-0.0020,0.0860,0
329346,1.0000,-0.0093,0.0034,-0.0003,-0.0007,0.0101,0.0824,0
329513,1.0000,-0.0093,0.0034,-0.0003,0.0112,0.0175,0.0778,0
329679,1.0000,-0.0093,0.0034,-0.0003,0.0122,0.0015,0.0840,0
329846,1.0000,-0.0093,0.0034,-0.0003,0.0052,-0.0140,0.0931,0
330013,1.0000,-0.0093,0.0034,-0.0003,-0.0063,0.0039,0.0879,0
330179,1.0000,-0.0093,0.0034,-0.0003,0.0034,-0.0014,0.0864,0
330346,1.0000,-0.0093,0.0034,-0.0003,-0.0106,-0.0034,0.0824,0
330513,1.0000,-0.0093,0.0034,-0.0003,-0.0002,0.0037,0.0772,0
330680,1.0000,-0.0093,0.0034,-0.0003,-0.0062,-0.0032,0.0863,0
330846,1.0000,-0.0093,0.0034,-0.0003,-0.0014,-0.0011,0.0932,0
331013,1.0000,-0.0093,0.0034,-0.0003,-0.0041,-0.0081,0.0764,0
331180,1.0000,-0.0093,0.0034,-0.0003,0.0037,0.0192,0.1079,0
331346,1.0000,-0.0093,0.0034,-0.0003,-0.0045,0.0120,0.0877,0
331513,1.0000,-0.0093,0.0034,-0.0003,-0.0098,0.0021,0.0775,0
331680,1.0000,-0.0093,0.0034,-0.0003,-0.0044,-0.0144,0.0521,0
331846,1.0000,-0.0093,0.0034,-0.0003,-0.0106,-0.0167,0.0760,0
332013,1.0000,-0.0093,0.0034,-0.0002,-0.0048,-0.0137,0.0798,0
332180,1.0000,-0.0093,0.0034,-0.0003,-0.0103,-0.0035,0.0933,0
332346,1.0000,-0.0093,0.0034,-0.0002,0.0198,0.0126,0.0820,0
332513,1.0000,-0.0093,0.0034,-0.0002,0.0101,0.0063,0.0823,0
332680,1.0000,-0.0093,0.0034,-0.0002,-0.0116,0.0062,0.0713,0
332846,1.0000,-0.0093,0.0034,-0.0002,-0.0213,0.0020,0.0858,0
333013,1.0000,-0.0093,0.0034,-0.0002,-0.0107,0.0019,0.0795,0
333180,1.0000,-0.0093,0.0034,-0.0002,0.0005,-0.0097,0.0839,0
333346,1.0000,-0.0093,0.0034,-0.0002,-0.0024,0.0136,0.0888,0
333513,1.0000,-0.0093,0.0034,-0.0002,-0.0042,0.0116,0.0920,0
333680,1.0000,-0.0093,0.0034,-0.0002,0.0060,0.0044,0.0650,0
333846,1.0000,-0.0093,0.0034,-0.0002,0.0083,-0.0102,0.0946,0
334013,1.0000,-0.0093,0.0034,-0.0002,0.0035,-0.0089,0.0688,0
334180,1.0000,-0.0093,0.0034,-0.0002,-0.0047,-0.0030,0.0950,0
334346,1.0000,-0.0093,0.0034,-0.0002,-0.0031,-0.0115,0.0870,0
334513,1.0000,-0.0093,0.0034,-0.0002,-0.0080,-0.0068,0.0736,0
334680,1.0000,-0.0093,0.0034,-0.0002,-0.0054,0.0022,0.0763,0
334846,1.0000,-0.0093,0.0034,-0.0002,0.0017,0.0062,0.0819,0
335013,1.0000,-0.0093,0.0034,-0.0002,0.0053,0.0087,0.0917,0
335180,1.0000,-0.0093,0.0034,-0.0002,-0.0061,-0.0046,0.0663,0
335346,1.0000,-0.0093,0.0034,-0.0002,-0.0025,0.0002,0.0941,0
335513,1.0000,-0.0093,0.0034,-0.0002,-0.0104,-0.0100,0.0779,0
335680,1.0000,-0.0093,0.0034,-0.0002,-0.0057,-0.0094,0.0801,0
335846,1.0000,-0.0093,0.0034,-0.0002,0.0093,-0.0079,0.0685,0
336013,1.0000,-0.0093,0.0034,-0.0002,0.0008,0.0176,0.0840,0
336180,1.0000,-0.0093,0.0034,-0.0002,-0.0014,-0.0014,0.0645,0
336346,1.0000,-0.0093,0.0034,-0.0002,0.0054,-0.0190,0.0927,0
336513,1.0000,-0.0093,0.0034,-0.0002,-0.0020,-0.0068,0.0595,0
336680,1.0000,-0.0093,0.0034,-0.0002,-0.0015,0.0063,0.0552,0
336846,1.0000,-0.0093,0.0034,-0.0002,-0.0113,-0.0180,0.0673,0
337013,1.0000,-0.0093,0.0034,-0.0002,0.0060,-0.0102,0.0687,0
337180,1.0000,-0.0093,0.0034,-0.0002,-0.0034,0.0013,0.0763,0
337346,1.0000,-0.0093,0.0034,-0.0002,0.0027,-0.0028,0.0808,0
337513,1.0000,-0.0093,0.0034,-0.0002,-0.0036,0.0130,0.0892,0
337680,1.0000,-0.0093,0.0034,-0.0003,-0.0070,0.0041,0.0771,0
337846,1.0000,-0.0093,0.0034,-0.0003,-0.0011,-0.0020,0.0842,0
338013,1.0000,-0.0093,0.0034,-0.0003,-0.0063,0.0046,0.0775,0
338180,1.0000,-0.0093,0.0034,-0.0003,-0.0112,-0.0003,0.0749,0
338346,1.0000,-0.0093,0.0035,-0.0003,0.0121,-0.0186,0.0942,0
338513,1.0000,-0.0093,0.0035,-0.0003,0.0048,0.0039,0.0704,0
338680,1.0000,-0.0093,0.0035,-0.0003,-0.0020,-0.0041,0.0752,0
338846,1.0000,-0.0093,0.0034,-0.0003,-0.0006,0.0123,0.0825,0
339013,1.0000,-0.0093,0.0035,-0.0004,0.0006,-0.0038,0.0826,0
339180,1.0000,-0.0093,0.0034,-0.0004,-0.0081,-0.0019,0.0708,0
339346,1.0000,-0.0093,0.0035,-0.0004,-0.0069,-0.0084,0.0849,0
339513,1.0000,-0.0093,0.0034,-0.0003,0.0028,-0.0004,0.0781,0
339680,1.0000,-0.0093,0.0034,-0.0003,-0.0109,0.0008,0.0867,0
339846,1.0000,-0.0093,0.0034,-0.0003,-0.0027,-0.0118,0.0829,0
340013,1.0000,-0.0093,0.0034,-0.0003,0.0042,-0.0067,0.0795,0
340180,1.0000,-0.0093,0.0034,-0.0003,0.0070,-0.0226,0.0881,0
340346,1.0000,-0.0093,0.0034,-0.0003,-0.0111,-0.0132,0.0986,0
340513,1.0000,-0.0093,0.0034,-0.0003,-0.0019,-0.0160,0.0808,0
340680,1.0000,-0.0092,0.0034,-0.0003,-0.0095,0.0140,0.0837,0
340846,1.0000,-0.0093,0.0034,-0.0003,0.0008,0.0201,0.0767,0
341013,1.0000,-0.0093,0.0035,-0.0003,0.0050,0.0055,0.0699,0
341180,1.0000,-0.0092,0.0034,-0.0004,0.0173,0.0031,0.0733,0
341346,1.0000,-0.0093,0.0034,-0.0004,0.0024,-0.0011,0.1000,0
341513,1.0000,-0.0093,0.0035,-0.0004,-0.0021,-0.0130,0.0796,0
341680,1.0000,-0.0093,0.0035,-0.0004,-0.0176,-0.0176,0.0684,0
341846,1.0000,-0.0093,0.0034,-0.0004,-0.0034,-0.0135,0.0847,0
342013,1.0000,-0.0093,0.0034,-0.0003,-0.0041,-0.0136,0.0621,0
342180,1.0000,-0.0093,0.0034,-0.0003,0.0040,0.0099,0.0998,0
342346,1.0000,-0.0092,0.0034,-0.0003,0.0058,0.0078,0.0760,0
342513,1.0000,-0.0092,0.0035,-0.0003,-0.0012,0.0091,0.0699,0
342680,1.0000,-0.0092,0.0035,-0.0003,-0.0079,-0.0047,0.0812,0
342846,1.0000,-0.0092,0.0035,-0.0003,-0.0033,-0.0094,0.0952,0
343013,1.0000,-0.0092,0.0035,-0.0003,-0.0014,-0.0061,0.0881,0
343180,1.0000,-0.0092,0.0035,-0.0003,-0.0077,0.0021,0.0668,0
343346,1.0000,-0.0092,0.0035,-0.0003,0.0055,0.0048,0.0824,0
343513,1.0000,-0.0092,0.0035,-0.0003,0.0150,-0.0113,0.0761,0
343680,1.0000,-0.0092,0.0035,-0.0003,0.0042,-0.0105,0.0918,0
343846,1.0000,-0.0092,0.0035,-0.0003,-0.0038,-0.0039,0.0805,0
344013,1.0000,-0.0092,0.0035,-0.0003,0.0014,-0.0085,0.0689,0
344180,1.0000,-0.0092,0.0035,-0.0003,-0.0111,-0.0043,0.0851,0
344346,1.0000,-0.0092,0.0035,-0.0004,0.0016,0.0106,0.0549,0
344513,1.0000,-0.0092,0.0035,-0.0004,0.0044,0.0030,0.1045,0
344680,1.0000,-0.0092,0.0035,-0.0004,-0.0032,-0.0099,0.0777,0
344846,1.0000,-0.0092,0.0035,-0.0003,0.0154,0.0025,0.0831,0
345013,1.0000,-0.0092,0.0035,-0.0003,0.0002,-0.0149,0.0668,0
345180,1.0000,-0.0092,0.0035,-0.0003,-0.0046,-0.0026,0.0845,0
345346,1.0000,-0.0092,0.0035,-0.0003,0.0036,0.0215,0.0886,0
345513,1.0000,-0.0092,0.0035,-0.0003,-0.0017,0.0119,0.0645,0
345680,1.0000,-0.0092,0.0035,-0.0003,0.0071,-0.0078,0.0702,0
345846,1.0000,-0.0092,0.0035,-0.0003,-0.0042,-0.0041,0.0811,0
346013,1.0000,-0.0092,0.0035,-0.0003,0.0180,0.0033,0.0665,0
346180,1.0000,-0.0092,0.0035,-0.0003,0.0020,0.0027,0.0905,0
346346,1.0000,-0.0092,0.0035,-0.0003,-0.0081,0.0216,0.0809,0
346513,1.0000,-0.0092,0.0035,-0.0003,0.0098,0.0065,0.0752,0
346680,1.0000,-0.0092,0.0035,-0.0004,-0.0031,0.0074,0.0648,0
346846,1.0000,-0.0092,0.0035,-0.0004,-0.0023,-0.0014,0.0877,0
347013,1.0000,-0.0092,0.0035,-0.0004,0.0086,0.0026,0.0791,0
347180,1.0000,-0.0092,0.0035,-0.0004,0.0099,-0.0174,0.0818,0
347347,1.0000,-0.0092,0.0035,-0.0004,0.0103,0.0058,0.0755,0
347513,1.0000,-0.0092,0.0035,-0.0004,-0.0004,-0.0105,0.0820,0
347680,1.0000,-0.0092,0.0035,-0.0004,0.0016,-0.0031,0.0667,0
347847,1.0000,-0.0092,0.0035,-0.0004,0.0014,0.0120,0.0904,0
348013,1.0000,-0.0092,0.0035,-0.0004,0.0006,0.0058,0.0617,0
348180,1.0000,-0.0092,0.0035,-0.0004,-0.0168,-0.0135,0.1051,0
348347,1.0000,-0.0092,0.0035,-0.0004,-0.0156,-0.0063,0.0859,0
348513,1.0000,-0.0091,0.0035,-0.0004,0.0038,0.0007,0.0609,0
348680,1.0000,-0.0091,0.0035,-0.0004,0.0026,-0.0052,0.0825,0
348847,1.0000,-0.0091,0.0035,-0.0004,0.0000,-0.0025,0.0576,0
349013,1.0000,-0.0091,0.0035,-0.0004,-0.0013,-0.0031,0.0774,0
349180,1.0000,-0.0091,0.0035,-0.0004,-0.0014,-0.0015,0.0691,0
349347,1.0000,-0.0091,0.0035,-0.0003,0.0151,-0.0145,0.0895,0
349513,1.0000,-0.0091,0.0035,-0.0003,0.0035,0.0050,0.1005,0
349680,1.0000,-0.0091,0.0035,-0.0003,0.0017,0.0105,0.0690,0
349847,1.0000,-0.0091,0.0035,-0.0003,-0.0086,-0.0112,0.0862,0
350013,1.0000,-0.0091,0.0035,-0.0003,0.0038,-0.0091,0.0768,0
350180,1.0000,-0.0091,0.0035,-0.0003,0.0133,-0.0060,0.0730,0
350347,1.0000,-0.0091,0.0035,-0.0003,0.0015,-0.0076,0.0643,0
350513,1.0000,-0.0091,0.0035,-0.0003,0.0081,0.0024,0.0910,0
350680,1.0000,-0.0091,0.0035,-0.0003,-0.0111,0.0081,0.1016,0
350847,1.0000,-0.0091,0.0035,-0.0003,-0.0063,-0.0104,0.0661,0
351013,1.0000,-0.0091,0.0035,-0.0003,-0.0058,-0.0061,0.1048,0
351180,1.0000,-0.0091,0.0035,-0.0003,-0.0003,-0.0056,0.0741,0
351347,1.0000,-0.0091,0.0035,-0.0003,-0.0038,-0.0106,0.0897,0
351513,1.0000,-0.0091,0.0035,-0.0003,0.0031,-0.0064,0.0948,0
351680,1.0000,-0.0091,0.0035,-0.0003,0.0043,0.0005,0.0703,0
351847,1.0000,-0.0091,0.0035,-0.0003,0.0095,0.0088,0.0812,0
352013,1.0000,-0.0091,0.0035,-0.0003,-0.0002,0.0132,0.0867,0
352180,1.0000,-0.0091,0.0035,-0.0003,-0.0036,0.0072,0.0717,0
352347,1.0000,-0.0091,0.0035,-0.0003,-0.0130,0.0001,0.0875,0
352513,1.0000,-0.0091,0.0035,-0.0003,0.0028,-0.0022,0.0666,0
352680,1.0000,-0.0091,0.0035,-0.0003,0.0093,-0.0058,0.0813,0
352847,1.0000,-0.0091,0.0035,-0.0003,0.0012,0.0020,0.0798,0
353013,1.0000,-0.0091,0.0035,-0.0003,0.0148,-0.0038,0.0713,0
353180,1.0000,-0.0091,0.0035,-0.0003,0.0043,0.0017,0.0654,0
353347,1.0000,-0.0091,0.0035,-0.0003,0.0044,-0.0098,0.0750,0
353513,1.0000,-0.0091,0.0035,-0.0003,-0.0147,-0.0030,0.0805,0
353680,1.0000,-0.0091,0.0035,-0.0003,-0.0078,-0.0065,0.0867,0
353847,1.0000,-0.0091,0.0035,-0.0003,0.0049,-0.0035,0.0921,0
354013,1.0000,-0.0091,0.0035,-0.0003,-0.0069,-0.0056,0.0789,0
354180,1.0000,-0.0091,0.0035,-0.0003,-0.0132,0.0021,0.0730,0
354347,1.0000,-0.0091,0.0035,-0.0003,0.0134,-0.0007,0.0773,0
354513,1.0000,-0.0091,0.0035,-0.0003,0.0229,-0.0033,0.0714,0
354680,1.0000,-0.0091,0.0035,-0.0003,0.0072,-0.0208,0.0916,0
354847,1.0000,-0.0091,0.0035,-0.0003,-0.0073,-0.0106,0.0751,0
355013,1.0000,-0.0091,0.0035,-0.0003,0.0073,0.0211,0.0733,0
355180,1.0000,-0.0091,0.0035,-0.0003,-0.0054,0.0114,0.0801,0
355347,1.0000,-0.0091,0.0035,-0.0003,-0.0134,0.0054,0.0737,0
355513,1.0000,-0.0091,0.0035,-0.0003,0.0051,-0.0039,0.0902,0
355680,1.0000,-0.0091,0.0035,-0.0003,-0.0021,-0.0158,0.0999,0
355847,1.0000,-0.0091,0.0035,-0.0003,0.0137,-0.0020,0.0718,0
356013,1.0000,-0.0091,0.0035,-0.0003,0.0187,-0.0073,0.0704,0
356180,1.0000,-0.0091,0.0035,-0.0003,0.0051,0.0046,0.0863,0
356347,1.0000,-0.0091,0.0035,-0.0003,-0.0001,-0.0002,0.1071,0
356513,1.0000,-0.0091,0.0035,-0.0003,-0.0050,-0.0023,0.0862,0
356680,1.0000,-0.0091,0.0035,-0.0003,0.0032,-0.0065,0.0866,0
356847,1.0000,-0.0091,0.0035,-0.0003,0.0108,0.0033,0.0897,0
357013,1.0000,-0.0091,0.0035,-0.0003,0.0028,0.0007,0.0822,0
357180,1.0000,-0.0091,0.0035,-0.0003,0.0005,0.0005,0.0884,0
357347,1.0000,-0.0091,0.0035,-0.0003,0.0037,-0.0081,0.0616,0
357513,1.0000,-0.0091,0.0035,-0.0003,0.0052,-0.0154,0.0782,0
357680,1.0000,-0.0091,0.0035,-0.0003,-0.0093,-0.0106,0.0778,0
357847,1.0000,-0.0091,0.0035,-0.0003,0.0151,-0.0033,0.0722,0
358013,1.0000,-0.0091,0.0035,-0.0003,0.0075,0.0050,0.0692,0
358180,1.0000,-0.0091,0.0035,-0.0003,0.0097,0.0086,0.0593,0
358347,1.0000,-0.0092,0.0035,-0.0003,0.0036,0.0068,0.0807,0
358513,1.0000,-0.0092,0.0035,-0.0003,-0.0046,0.0011,0.0655,0
358680,1.0000,-0.0092,0.0035,-0.0003,0.0036,0.0015,0.0976,0
358847,1.0000,-0.0092,0.0035,-0.0003,-0.0044,-0.0164,0.0883,0
359013,1.0000,-0.0092,0.0035,-0.0003,-0.0047,0.0013,0.0847,0
359180,1.0000,-0.0092,0.0035,-0.0003,-0.0064,-0.0072,0.0713,0
359347,1.0000,-0.0092,0.0035,-0.0003,-0.0077,0.0015,0.0718,0
359513,1.0000,-0.0092,0.0035,-0.0003,-0.0037,0.0087,0.0682,0
359680,1.0000,-0.0092,0.0035,-0.0003,0.0120,0.0067,0.0700,0
359847,1.0000,-0.0092,0.0035,-0.0004,0.0100,0.0046,0.1008,0
360013,1.0000,-0.0092,0.0035,-0.0004,-0.0067,-0.0213,0.0868,0
360180,1.0000,-0.0092,0.0035,-0.0004,-0.0126,-0.0199,0.0940,0
360347,1.0000,-0.0092,0.0035,-0.0004,-0.0096,0.0118,0.0964,0
360513,1.0000,-0.0093,0.0035,-0.0004,0.0022,-0.0017,0.0891,0
360680,1.0000,-0.0093,0.0035,-0.0004,0.0021,-0.0051,0.0814,0
360847,1.0000,-0.0093,0.0034,-0.0004,-0.0066,0.0054,0.0741,0
361013,1.0000,-0.0093,0.0035,-0.0004,0.0017,0.0004,0.0915,0
361180,1.0000,-0.0093,0.0035,-0.0004,-0.0013,0.0069,0.0648,0
361347,1.0000,-0.0093,0.0035,-0.0004,0.0090,0.0042,0.1016,0
361513,1.0000,-0.0093,0.0035,-0.0004,0.0020,0.0022,0.0671,0
361680,1.0000,-0.0093,0.0035,-0.0004,0.0108,0.0030,0.1010,0
361847,1.0000,-0.0093,0.0035,-0.0004,-0.0020,-0.0066,0.0751,0
362013,1.0000,-0.0093,0.0035,-0.0004,0.0081,0.0017,0.0842,0
362180,1.0000,-0.0093,0.0035,-0.0004,0.0120,0.0041,0.0656,0
362347,1.0000,-0.0093,0.0035,-0.0004,0.0001,0.0037,0.0813,0
362513,1.0000,-0.0093,0.0035,-0.0004,0.0024,-0.0147,0.0716,0
362680,1.0000,-0.0093,0.0035,-0.0004,-0.0131,-0.0083,0.0703,0
362847,1.0000,-0.0093,0.0035,-0.0004,0.0016,-0.0035,0.0801,0
363013,1.0000,-0.0093,0.0035,-0.0004,0.0046,-0.0078,0.0956,0
363180,1.0000,-0.0093,0.0034,-0.0004,-0.0049,-0.0028,0.0617,0
363347,1.0000,-0.0093,0.0034,-0.0004,0.0074,0.0088,0.1058,0
363513,1.0000,-0.0093,0.0034,-0.0004,0.0018,0.0269,0.0736,0
363680,1.0000,-0.0093,0.0034,-0.0003,0.0147,-0.0061,0.0806,0
363847,1.0000,-0.0093,0.0034,-0.0004,-0.0004,-0.0126,0.0768,0
364014,1.0000,-0.0093,0.0034,-0.0004,0.0060,-0.0026,0.0836,0
364180,1.0000,-0.0093,0.0034,-0.0004,0.0031,0.0146,0.0689,0
364347,1.0000,-0.0093,0.0034,-0.0004,-0.0048,0.0084,0.0728,0
364514,1.0000,-0.0093,0.0034,-0.0005,-0.0188,0.0016,0.1018,0
364680,1.0000,-0.0093,0.0034,-0.0005,0.0125,-0.0011,0.0988,0
364847,0.2692,-0.0058,-0.0080,0.9630,-0.0017,-0.0028,0.0714,0
365014,0.2692,-0.0058,-0.0080,0.9630,0.0030,-0.0131,0.0683,0
365180,0.2692,-0.0058,-0.0080,0.9630,-0.0085,-0.0003,0.0868,0
365347,0.2692,-0.0058,-0.0080,0.9630,0.0105,0.0087,0.0909,0
365514,0.2692,-0.0058,-0.0080,0.9630,-0.0021,-0.0050,0.0751,0
365680,0.2692,-0.0058,-0.0080,0.9630,-0.0041,-0.0096,0.0939,0
365847,0.2692,-0.0058,-0.0081,0.9630,-0.0216,-0.0311,0.0768,0
366014,0.2691,-0.0058,-0.0080,0.9630,-0.0317,-0.0367,0.0651,0
366180,0.2692,-0.0058,-0.0081,0.9630,-0.0326,-0.0202,0.0845,0
366347,0.2691,-0.0058,-0.0080,0.9630,-0.0154,0.0025,0.0883,0
366514,0.2692,-0.0058,-0.0081,0.9630,0.0075,0.0238,0.0890,0
366680,0.2692,-0.0058,-0.0080,0.9630,0.0325,0.0298,0.0795,0
366847,0.2692,-0.0058,-0.0080,0.9630,0.0268,0.0240,0.0816,0
367014,0.2692,-0.0058,-0.0080,0.9630,0.0044,0.0131,0.0872,0
367180,0.2692,-0.0058,-0.0080,0.9630,-0.0267,-0.0309,0.0897,0
367347,0.2692,-0.0058,-0.0080,0.9630,-0.0181,-0.0115,0.1031,0
367514,0.2692,-0.0058,-0.0080,0.9630,-0.0072,0.0016,0.0795,0
367680,0.2692,-0.0058,-0.0080,0.9630,-0.0026,-0.0055,0.0906,0
367847,0.2692,-0.0058,-0.0080,0.9630,0.0002,0.0012,0.0913,0
368014,0.2692,-0.0058,-0.0080,0.9630,0.0097,0.0030,0.0817,0
368180,0.2692,-0.0058,-0.0080,0.9630,0.0203,-0.0070,0.0521,0
368347,0.2692,-0.0058,-0.0080,0.9630,0.0162,0.0024,0.0504,0
368514,0.2693,-0.0058,-0.0080,0.9630,0.0145,0.0181,0.0894,0
368680,0.2693,-0.0058,-0.0080,0.9630,0.0042,0.0083,0.0858,0
368847,0.2693,-0.0058,-0.0080,0.9630,-0.0177,-0.0225,0.0869,0
369014,0.2693,-0.0058,-0.0080,0.9630,-0.0209,-0.0235,0.0947,0
369180,0.2693,-0.0058,-0.0080,0.9630,-0.0152,-0.0288,0.0713,0
369347,0.2693,-0.0058,-0.0080,0.9630,0.0083,-0.0091,0.0923,0
369514,0.2693,-0.0058,-0.0080,0.9630,0.0103,-0.0040,0.0716,0
369680,0.2693,-0.0058,-0.0080,0.9630,0.0048,0.0204,0.0703,0
369847
370014
370180
370347
