DeviceTag: 5(right),FirmwareVersion: 3.0.0,AppVersion: 2023.6.0,SyncStatus: Unknown (Synced/Un-synced),OutputRate: 60,FilterProfile: Unknown,Measurement Mode: Sensor fusion Mode - Extended (Euler),StartTime: 2025-07-23 20:35:06.006,Â© Movella Technologies B.V. 2005-2025
SampleTimeFine,Quat_W,Quat_X,Quat_Y,Quat_Z,FreeAcc_X,FreeAcc_Y,FreeAcc_Z,Status
254839,0.1007,-0.0072,-0.0078,0.9949,0.0111,-0.0021,0.0267,0
255006,0.1001,-0.0072,-0.0076,0.9949,0.0078,-0.0089,0.0057,0
255172,0.0999,-0.0072,-0.0074,0.9949,0.0045,0.0105,0.0258,0
255339,0.1005,-0.0072,-0.0072,0.9949,0.0230,-0.0003,0.0123,0
255506,0.1003,-0.0072,-0.0071,0.9949,0.0144,0.0133,-0.0050,0
255672,0.1002,-0.0072,-0.0070,0.9949,0.0183,0.0139,0.0153,0
255839,0.1002,-0.0073,-0.0069,0.9949,0.0238,0.0204,0.0078,0
256006,0.1007,-0.0073,-0.0068,0.9949,0.0025,0.0041,-0.0055,0
256172,0.1006,-0.0073,-0.0067,0.9949,0.0106,0.0351,0.0030,0
256339,0.1005,-0.0072,-0.0066,0.9949,0.0209,0.0071,0.0352,0
256506,0.1007,-0.0072,-0.0064,0.9949,0.0138,0.0226,0.0212,0
256672,0.1006,-0.0071,-0.0063,0.9949,0.0118,0.0169,0.0090,0
256839,0.1007,-0.0071,-0.0062,0.9949,0.0034,0.0343,0.0224,0
257006,0.1006,-0.0070,-0.0061,0.9949,0.0334,0.0412,0.0179,0
257172,0.1005,-0.0069,-0.0060,0.9949,0.0127,0.0330,0.0189,0
257339,0.1004,-0.0068,-0.0059,0.9949,0.0224,0.0306,0.0206,0
257506,0.1003,-0.0068,-0.0058,0.9949,0.0318,0.0272,0.0177,0
257672,0.1004,-0.0067,-0.0056,0.9949,0.0133,0.0087,0.0137,0
257839,0.1003,-0.0067,-0.0055,0.9949,0.0282,0.0251,0.0129,0
258006,0.1003,-0.0066,-0.0054,0.9949,0.0230,0.0378,0.0091,0
258172,0.1003,-0.0066,-0.0052,0.9949,0.0177,0.0469,0.0039,0
258339,0.1003,-0.0065,-0.0051,0.9949,0.0293,0.0468,0.0268,0
258506,0.1002,-0.0064,-0.0050,0.9949,0.0274,0.0498,0.0015,0
258672,0.1002,-0.0064,-0.0049,0.9949,0.0402,0.0493,0.0274,0
258839,0.1002,-0.0063,-0.0048,0.9949,0.0533,0.0714,0.0324,0
259006,0.1001,-0.0063,-0.0046,0.9949,0.0306,0.0612,0.0040,0
259172,0.1000,-0.0062,-0.0045,0.9950,0.0355,0.0498,0.0170,0
259339,0.1001,-0.0061,-0.0044,0.9950,0.0396,0.0562,-0.0040,0
259506,0.1001,-0.0061,-0.0043,0.9950,0.0401,0.0493,0.0108,0
259672,0.1001,-0.0060,-0.0041,0.9949,0.0410,0.0564,0.0129,0
259839,0.1001,-0.0060,-0.0040,0.9950,0.0484,0.0657,-0.0068,0
260006,0.1000,-0.0059,-0.0039,0.9950,0.0339,0.0626,0.0019,0
260172,0.1001,-0.0059,-0.0038,0.9950,0.0389,0.0791,0.0148,0
260339,0.1002,-0.0058,-0.0036,0.9949,0.0418,0.0594,0.0050,0
260506,0.1002,-0.0057,-0.0035,0.9949,0.0388,0.0653,0.0267,0
260672,0.1003,-0.0057,-0.0034,0.9949,0.0475,0.0738,0.0207,0
260839,0.1004,-0.0056,-0.0033,0.9949,0.0455,0.0680,0.0152,0
261006,0.1004,-0.0055,-0.0031,0.9949,0.0557,0.0699,0.0344,0
261172,0.1004,-0.0055,-0.0030,0.9949,0.0604,0.0823,-0.0072,0
261339,0.1005,-0.0054,-0.0029,0.9949,0.0637,0.0731,0.0195,0
261506,0.1004,-0.0054,-0.0027,0.9949,0.0565,0.0820,-0.0111,0
261672,0.1005,-0.0053,-0.0026,0.9949,0.0646,0.0776,0.0129,0
261839,0.1004,-0.0052,-0.0025,0.9949,0.0567,0.0950,0.0143,0
262006,0.1004,-0.0052,-0.0024,0.9949,0.0555,0.0995,0.0209,0
262172,0.1004,-0.0051,-0.0022,0.9949,0.0671,0.1116,0.0117,0
262339,0.1004,-0.0051,-0.0021,0.9949,0.0723,0.0907,-0.0026,0
262506,0.1004,-0.0050,-0.0020,0.9949,0.0629,0.1091,-0.0005,0
262672,0.1003,-0.0049,-0.0019,0.9949,0.0703,0.1145,0.0563,0
262839,0.1003,-0.0049,-0.0018,0.9949,0.0737,0.1096,0.0224,0
263006,0.1003,-0.0048,-0.0016,0.9949,0.0702,0.1078,0.0117,0
263172,0.1002,-0.0047,-0.0015,0.9950,0.0885,0.1093,0.0070,0
263339,0.1002,-0.0047,-0.0014,0.9950,0.0739,0.1084,-0.0011,0
263506,0.1001,-0.0046,-0.0013,0.9950,0.0820,0.1360,0.0113,0
263672,0.1000,-0.0046,-0.0012,0.9950,0.0745,0.1302,0.0020,0
263839,0.1000,-0.0045,-0.0010,0.9950,0.0740,0.1108,0.0207,0
264006,0.0999,-0.0044,-0.0009,0.9950,0.0833,0.1124,0.0071,0
264172,0.0999,-0.0044,-0.0008,0.9950,0.0794,0.1087,0.0533,0
264339,0.0998,-0.0043,-0.0007,0.9950,0.0887,0.1291,0.0088,0
264506,0.0998,-0.0043,-0.0005,0.9950,0.0937,0.1366,0.0241,0
264672,0.0998,-0.0042,-0.0004,0.9950,0.1017,0.1298,0.0091,0
264839,0.0997,-0.0041,-0.0003,0.9950,0.0866,0.1198,0.0065,0
265006,0.0997,-0.0041,-0.0002,0.9950,0.0781,0.1365,0.0279,0
265172,0.0996,-0.0040,-0.0001,0.9950,0.0753,0.1317,0.0370,0
265339,0.0996,-0.0040,0.0000,0.9950,0.1092,0.1472,0.0260,0
265506,0.0995,-0.0039,0.0001,0.9950,0.0838,0.1557,0.0160,0
265672,0.0995,-0.0039,0.0003,0.9950,0.0901,0.1535,0.0039,0
265839,0.0995,-0.0038,0.0004,0.9950,0.1062,0.1456,0.0207,0
266006,0.0995,-0.0037,0.0005,0.9950,0.0974,0.1444,0.0194,0
266172,0.0993,-0.0037,0.0006,0.9951,0.0931,0.1478,0.0351,0
266339,0.0993,-0.0036,0.0007,0.9951,0.1054,0.1505,0.0062,0
266506,0.0991,-0.0036,0.0008,0.9951,0.1002,0.1660,-0.0100,0
266672,0.0990,-0.0035,0.0009,0.9951,0.0901,0.1639,0.0312,0
266839,0.0989,-0.0035,0.0010,0.9951,0.1053,0.1515,0.0116,0
267006,0.0989,-0.0034,0.0012,0.9951,0.1196,0.1552,-0.0050,0
267172,0.0989,-0.0033,0.0013,0.9951,0.1030,0.1506,-0.0079,0
267339,0.0988,-0.0033,0.0014,0.9951,0.1099,0.1615,0.0102,0
267506,0.0989,-0.0032,0.0015,0.9951,0.1098,0.1667,0.0098,0
267672,0.0988,-0.0032,0.0016,0.9951,0.1069,0.1715,-0.0052,0
267839,0.0987,-0.0032,0.0017,0.9951,0.1058,0.1776,0.0061,0
268006,0.0987,-0.0031,0.0018,0.9951,0.1200,0.1766,-0.0005,0
268172,0.0986,-0.0031,0.0019,0.9951,0.1157,0.1830,-0.0019,0
268339,0.0985,-0.0030,0.0020,0.9951,0.1208,0.1780,0.0237,0
268506,0.0984,-0.0030,0.0021,0.9951,0.1210,0.1887,0.0116,0
268672,0.0984,-0.0029,0.0022,0.9951,0.1110,0.1849,-0.0052,0
268839,0.0982,-0.0029,0.0023,0.9952,0.1193,0.1781,0.0302,0
269006,0.0982,-0.0028,0.0024,0.9952,0.1093,0.1738,0.0150,0
269172,0.0981,-0.0028,0.0025,0.9952,0.1195,0.1813,0.0119,0
269339,0.0981,-0.0028,0.0026,0.9952,0.1245,0.2024,-0.0030,0
269506,0.0980,-0.0027,0.0027,0.9952,0.1191,0.1939,0.0039,0
269672,0.0980,-0.0027,0.0028,0.9952,0.1083,0.1946,0.0139,0
269839,0.0979,-0.0026,0.0028,0.9952,0.1034,0.2062,0.0001,0
270006,0.0978,-0.0026,0.0029,0.9952,0.1312,0.1853,0.0069,0
270172,0.0978,-0.0025,0.0030,0.9952,0.1320,0.2032,0.0241,0
270339,0.0978,-0.0025,0.0031,0.9952,0.1267,0.2021,0.0224,0
270506,0.0977,-0.0024,0.0032,0.9952,0.1251,0.2040,0.0059,0
270672,0.0977,-0.0024,0.0033,0.9952,0.1235,0.1990,0.0068,0
270839,0.0977,-0.0023,0.0034,0.9952,0.1163,0.2066,0.0204,0
271006,0.0976,-0.0023,0.0034,0.9952,0.1219,0.2043,-0.0085,0
271172,0.0976,-0.0023,0.0035,0.9952,0.1187,0.2013,0.0164,0
271339,0.0976,-0.0022,0.0036,0.9952,0.1403,0.2050,0.0263,0
271506,0.0976,-0.0022,0.0037,0.9952,0.1313,0.2201,0.0336,0
271673,0.0975,-0.0022,0.0037,0.9952,0.1374,0.2094,0.0324,0
271839,0.0975,-0.0021,0.0038,0.9952,0.1289,0.2247,-0.0000,0
272006,0.0974,-0.0021,0.0039,0.9952,0.1389,0.2176,0.0119,0
272173,0.0974,-0.0021,0.0040,0.9952,0.1222,0.2176,-0.0091,0
272339,0.0974,-0.0020,0.0041,0.9952,0.1360,0.2392,0.0298,0
272506,0.0974,-0.0020,0.0041,0.9952,0.1395,0.2212,0.0063,0
272673,0.0973,-0.0020,0.0042,0.9952,0.1254,0.2194,0.0189,0
272839,0.0973,-0.0019,0.0043,0.9952,0.1412,0.2074,-0.0169,0
273006,0.0973,-0.0019,0.0043,0.9952,0.1356,0.2169,-0.0014,0
273173,0.0972,-0.0019,0.0044,0.9953,0.1440,0.2220,0.0068,0
273339,0.0972,-0.0018,0.0044,0.9953,0.1476,0.2159,0.0139,0
273506,0.0971,-0.0018,0.0045,0.9953,0.1537,0.2207,0.0042,0
273673,0.0971,-0.0018,0.0046,0.9953,0.1305,0.2317,-0.0026,0
273839,0.0970,-0.0017,0.0046,0.9953,0.1392,0.2244,0.0085,0
274006,0.0970,-0.0017,0.0047,0.9953,0.1210,0.2138,0.0167,0
274173,0.0970,-0.0017,0.0047,0.9953,0.1488,0.2334,0.0346,0
274339,0.0969,-0.0016,0.0048,0.9953,0.1318,0.2304,0.0238,0
274506,0.0969,-0.0016,0.0049,0.9953,0.1449,0.2314,0.0153,0
274673,0.0993,-0.0080,-0.0077,0.9950,-0.0028,-0.0059,0.0064,0
274839,0.0992,-0.0080,-0.0077,0.9950,0.0029,0.0014,0.0258,0
275006,0.0992,-0.0079,-0.0077,0.9950,-0.0128,-0.0021,-0.0032,0
275173,0.0992,-0.0079,-0.0077,0.9950,-0.0104,0.0084,0.0379,0
275339,0.0992,-0.0079,-0.0077,0.9950,0.0083,0.0110,0.0097,0
275506,0.0992,-0.0080,-0.0077,0.9950,0.0097,0.0121,-0.0061,0
275673,0.0992,-0.0079,-0.0077,0.9950,-0.0055,-0.0019,-0.0019,0
275839,0.0993,-0.0079,-0.0077,0.9950,0.0063,-0.0019,0.0138,0
276006,0.0993,-0.0079,-0.0077,0.9950,0.0107,-0.0031,0.0192,0
276173,0.0993,-0.0079,-0.0077,0.9950,-0.0012,-0.0162,0.0179,0
276339,0.0993,-0.0079,-0.0077,0.9950,-0.0007,0.0014,-0.0039,0
276506,0.0993,-0.0079,-0.0077,0.9950,-0.0131,-0.0118,0.0186,0
276673,0.0993,-0.0079,-0.0077,0.9950,-0.0036,0.0058,0.0173,0
276839,0.0993,-0.0079,-0.0077,0.9950,0.0014,-0.0120,0.0146,0
277006,0.0994,-0.0079,-0.0077,0.9950,0.0052,0.0051,0.0230,0
277173,0.0994,-0.0079,-0.0077,0.9950,-0.0008,0.0018,0.0048,0
277339,0.0994,-0.0079,-0.0077,0.9950,-0.0114,-0.0128,0.0186,0
277506,0.0994,-0.0080,-0.0077,0.9950,-0.0056,-0.0157,0.0232,0
277673,0.0994,-0.0080,-0.0077,0.9950,-0.0058,0.0165,-0.0004,0
277839,0.0994,-0.0080,-0.0077,0.9950,-0.0188,-0.0044,0.0184,0
278006,0.0994,-0.0080,-0.0077,0.9950,-0.0202,0.0165,0.0118,0
278173,0.0994,-0.0080,-0.0077,0.9950,-0.0051,-0.0105,0.0092,0
278339,0.0994,-0.0080,-0.0077,0.9950,-0.0146,-0.0017,0.0111,0
278506,0.0994,-0.0080,-0.0077,0.9950,-0.0020,-0.0056,0.0112,0
278673,0.0994,-0.0080,-0.0077,0.9950,0.0012,0.0029,-0.0081,0
278839,0.0994,-0.0080,-0.0078,0.9950,0.0007,-0.0052,0.0087,0
279006,0.0994,-0.0080,-0.0078,0.9950,0.0049,-0.0088,0.0077,0
279173,0.0994,-0.0080,-0.0078,0.9950,0.0076,-0.0051,0.0038,0
279339,0.0994,-0.0079,-0.0077,0.9950,0.0098,0.0181,0.0283,0
279506,0.0994,-0.0080,-0.0077,0.9950,0.0045,0.0032,0.0094,0
279673,0.0994,-0.0080,-0.0077,0.9950,-0.0088,0.0005,0.0156,0
279839,0.0994,-0.0080,-0.0078,0.9950,-0.0055,-0.0043,0.0054,0
280006,0.0994,-0.0080,-0.0078,0.9950,0.0064,-0.0115,0.0119,0
280173,0.0994,-0.0080,-0.0078,0.9950,0.0028,-0.0020,0.0166,0
280339,0.0994,-0.0080,-0.0077,0.9950,0.0044,-0.0001,0.0028,0
280506,0.0994,-0.0080,-0.0078,0.9950,0.0027,0.0217,0.0143,0
280673,0.0994,-0.0080,-0.0078,0.9950,0.0003,-0.0000,0.0117,0
280839,0.0994,-0.0080,-0.0078,0.9950,-0.0025,0.0008,0.0212,0
281006,0.0994,-0.0080,-0.0078,0.9950,-0.0104,0.0156,0.0039,0
281173,0.0994,-0.0080,-0.0078,0.9950,0.0147,-0.0040,0.0382,0
281339,0.0994,-0.0080,-0.0078,0.9950,0.0022,-0.0041,0.0122,0
281506,0.0994,-0.0080,-0.0078,0.9950,-0.0072,-0.0054,0.0301,0
281673,0.0994,-0.0080,-0.0078,0.9950,0.0014,-0.0068,0.0067,0
281839,0.0994,-0.0080,-0.0078,0.9950,0.0005,-0.0228,0.0116,0
282006,0.0994,-0.0080,-0.0078,0.9950,0.0046,-0.0141,0.0151,0
282173,0.0994,-0.0080,-0.0078,0.9950,-0.0128,0.0017,0.0493,0
282339,0.0994,-0.0080,-0.0077,0.9950,0.0131,0.0082,0.0156,0
282506,0.0994,-0.0080,-0.0077,0.9950,-0.0084,-0.0015,0.0169,0
282673,0.0994,-0.0080,-0.0077,0.9950,0.0019,-0.0047,0.0306,0
282839,0.0994,-0.0080,-0.0077,0.9950,0.0036,-0.0143,0.0178,0
283006,0.0994,-0.0080,-0.0077,0.9950,0.0020,0.0012,0.0027,0
283173,0.0994,-0.0080,-0.0077,0.9950,-0.0055,0.0052,0.0149,0
283339,0.0995,-0.0080,-0.0077,0.9950,-0.0041,0.0082,0.0277,0
283506,0.0995,-0.0080,-0.0077,0.9950,-0.0053,0.0047,0.0007,0
283673,0.0994,-0.0080,-0.0077,0.9950,-0.0070,-0.0031,0.0160,0
283839,0.0994,-0.0080,-0.0077,0.9950,0.0034,0.0158,0.0198,0
284006,0.0994,-0.0080,-0.0077,0.9950,-0.0012,0.0042,0.0018,0
284173,0.0994,-0.0080,-0.0078,0.9950,0.0084,-0.0014,0.0268,0
284339,0.0994,-0.0080,-0.0077,0.9950,-0.0041,0.0001,0.0191,0
284506,0.0994,-0.0080,-0.0078,0.9950,-0.0077,-0.0063,0.0284,0
284673,0.0995,-0.0080,-0.0077,0.9950,-0.0016,0.0098,0.0238,0
284839,0.0995,-0.0080,-0.0077,0.9950,0.0061,0.0116,0.0200,0
285006,0.0994,-0.0080,-0.0077,0.9950,0.0108,0.0136,0.0028,0
285173,0.0994,-0.0080,-0.0077,0.9950,-0.0007,-0.0068,0.0134,0
285339,0.0995,-0.0080,-0.0077,0.9950,-0.0084,-0.0031,0.0162,0
285506,0.0995,-0.0080,-0.0077,0.9950,-0.0084,-0.0045,0.0264,0
285673,0.0995,-0.0080,-0.0078,0.9950,0.0048,-0.0194,0.0078,0
285839,0.0995,-0.0080,-0.0078,0.9950,-0.0025,-0.0097,0.0070,0
286006,0.0995,-0.0080,-0.0077,0.9950,0.0042,0.0132,0.0016,0
286173,0.0995,-0.0080,-0.0078,0.9950,-0.0140,0.0083,0.0273,0
286339,0.0995,-0.0080,-0.0078,0.9950,0.0068,-0.0057,0.0135,0
286506,0.0995,-0.0080,-0.0078,0.9950,0.0082,0.0055,0.0055,0
286673,0.0995,-0.0079,-0.0077,0.9950,0.0056,-0.0047,0.0259,0
286839,0.0995,-0.0079,-0.0078,0.9950,0.0047,-0.0111,0.0140,0
287006,0.0995,-0.0080,-0.0078,0.9950,-0.0096,-0.0241,0.0037,0
287173,0.0995,-0.0080,-0.0078,0.9950,-0.0003,-0.0110,0.0354,0
287339,0.0995,-0.0080,-0.0078,0.9950,-0.0088,0.0073,0.0128,0
287506,0.0995,-0.0080,-0.0078,0.9950,-0.0048,-0.0138,0.0102,0
287673,0.0995,-0.0080,-0.0078,0.9950,0.0011,0.0047,0.0149,0
287839,0.0995,-0.0079,-0.0078,0.9950,0.0014,-0.0001,0.0204,0
288006,0.0995,-0.0079,-0.0078,0.9950,-0.0021,-0.0012,0.0149,0
288173,0.0995,-0.0079,-0.0078,0.9950,-0.0123,0.0084,0.0377,0
288340,0.0995,-0.0079,-0.0078,0.9950,-0.0162,0.0112,0.0154,0
288506,0.0995,-0.0080,-0.0078,0.9950,-0.0054,-0.0016,0.0078,0
288673,0.0995,-0.0079,-0.0078,0.9950,-0.0166,0.0013,0.0299,0
288840,0.0995,-0.0079,-0.0078,0.9950,0.0015,0.0054,0.0053,0
289006,0.0995,-0.0079,-0.0078,0.9950,-0.0201,-0.0056,0.0166,0
289173,0.0995,-0.0079,-0.0078,0.9950,0.0018,0.0002,0.0082,0
289340,0.0995,-0.0079,-0.0077,0.9950,-0.0084,0.0177,0.0217,0
289506,0.0995,-0.0080,-0.0078,0.9950,-0.0106,-0.0004,0.0093,0
289673,0.0995,-0.0080,-0.0078,0.9950,-0.0001,0.0003,0.0351,0
289840,0.0995,-0.0079,-0.0078,0.9950,-0.0055,-0.0036,-0.0017,0
290006,0.0995,-0.0080,-0.0077,0.9950,0.0012,-0.0064,0.0089,0
290173,0.0995,-0.0080,-0.0077,0.9950,0.0069,-0.0128,0.0212,0
290340,0.0995,-0.0080,-0.0077,0.9950,-0.0077,-0.0014,-0.0002,0
290506,0.0995,-0.0080,-0.0077,0.9950,-0.0067,-0.0023,0.0378,0
290673,0.0995,-0.0080,-0.0077,0.9950,-0.0118,0.0030,-0.0063,0
290840,0.0995,-0.0080,-0.0077,0.9950,-0.0063,-0.0044,-0.0060,0
291006,0.0995,-0.0080,-0.0077,0.9950,-0.0071,0.0067,0.0205,0
291173,0.0995,-0.0080,-0.0077,0.9950,-0.0076,-0.0030,0.0065,0
291340,0.0995,-0.0080,-0.0077,0.9950,-0.0011,0.0059,0.0123,0
291506,0.0995,-0.0080,-0.0077,0.9950,-0.0008,0.0143,0.0074,0
291673,0.0995,-0.0080,-0.0077,0.9950,0.0008,0.0184,0.0243,0
291840,0.0995,-0.0080,-0.0077,0.9950,-0.0069,-0.0004,0.0311,0
292006,0.0995,-0.0080,-0.0078,0.9950,-0.0010,-0.0073,-0.0020,0
292173,0.0995,-0.0080,-0.0077,0.9950,0.0064,-0.0012,0.0155,0
292340,0.0995,-0.0080,-0.0077,0.9950,-0.0048,-0.0052,0.0080,0
292506,0.0995,-0.0080,-0.0077,0.9950,-0.0028,-0.0042,0.0251,0
292673,0.0995,-0.0080,-0.0077,0.9950,0.0006,0.0035,0.0296,0
292840,0.0995,-0.0080,-0.0077,0.9950,-0.0064,0.0015,0.0139,0
293006,0.0995,-0.0080,-0.0077,0.9950,-0.0070,-0.0056,0.0116,0
293173,0.0995,-0.0080,-0.0077,0.9950,-0.0100,0.0040,0.0386,0
293340,0.0995,-0.0080,-0.0077,0.9950,0.0030,0.0042,0.0171,0
293506,0.0995,-0.0080,-0.0077,0.9950,-0.0086,-0.0143,0.0133,0
293673,0.0995,-0.0080,-0.0077,0.9950,-0.0145,0.0002,0.0162,0
293840,0.0995,-0.0080,-0.0077,0.9950,-0.0068,-0.0152,0.0311,0
294006,0.0995,-0.0080,-0.0077,0.9950,-0.0029,-0.0141,0.0079,0
294173,0.0995,-0.0080,-0.0077,0.9950,0.0130,0.0053,0.0200,0
294340,0.0995,-0.0080,-0.0077,0.9950,-0.0007,-0.0033,0.0089,0
294506,0.0995,-0.0080,-0.0077,0.9950,-0.0012,-0.0175,0.0247,0
294673,0.0995,-0.0080,-0.0077,0.9950,0.0023,-0.0010,0.0039,0
294840,0.0995,-0.0080,-0.0077,0.9950,-0.0235,0.0036,0.0029,0
295006,0.0995,-0.0080,-0.0077,0.9950,0.0003,-0.0013,0.0147,0
295173,0.0995,-0.0080,-0.0077,0.9950,-0.0057,0.0122,0.0021,0
295340,0.0995,-0.0080,-0.0077,0.9950,-0.0085,0.0036,0.0330,0
295506,0.0995,-0.0080,-0.0077,0.9950,-0.0136,-0.0139,0.0290,0
295673,0.0995,-0.0080,-0.0077,0.9950,-0.0004,-0.0203,0.0120,0
295840,0.0995,-0.0080,-0.0077,0.9950,-0.0046,0.0039,0.0273,0
296006,0.0995,-0.0079,-0.0077,0.9950,0.0068,0.0103,0.0111,0
296173,0.0995,-0.0079,-0.0077,0.9950,0.0108,0.0197,0.0274,0
296340,0.0995,-0.0079,-0.0077,0.9950,0.0085,0.0044,0.0480,0
296506,0.0995,-0.0079,-0.0077,0.9950,0.0103,-0.0031,-0.0186,0
296673,0.0995,-0.0079,-0.0077,0.9950,-0.0063,0.0095,0.0298,0
296840,0.0995,-0.0079,-0.0077,0.9950,-0.0004,-0.0148,-0.0030,0
297006,0.0995,-0.0079,-0.0077,0.9950,-0.0163,0.0002,0.0226,0
297173,0.0995,-0.0079,-0.0077,0.9950,-0.0057,-0.0029,0.0341,0
297340,0.0995,-0.0079,-0.0077,0.9950,0.0044,-0.0086,0.0149,0
297506,0.0995,-0.0079,-0.0077,0.9950,0.0024,0.0060,0.0181,0
297673,0.0995,-0.0079,-0.0077,0.9950,-0.0002,0.0065,0.0196,0
297840,0.0995,-0.0079,-0.0077,0.9950,0.0025,0.0078,0.0002,0
298006,0.0994,-0.0079,-0.0077,0.9950,0.0017,-0.0012,0.0129,0
298173,0.0994,-0.0079,-0.0077,0.9950,-0.0020,-0.0046,0.0061,0
298340,0.0994,-0.0079,-0.0077,0.9950,-0.0066,0.0077,0.0150,0
298506,0.0994,-0.0079,-0.0077,0.9950,-0.0006,0.0091,0.0204,0
298673,0.0994,-0.0079,-0.0077,0.9950,0.0115,-0.0084,0.0172,0
298840,0.0994,-0.0079,-0.0077,0.9950,-0.0067,-0.0104,0.0453,0
299006,0.0994,-0.0079,-0.0077,0.9950,0.0003,-0.0085,0.0204,0
299173,0.0994,-0.0079,-0.0077,0.9950,0.0049,0.0059,0.0342,0
299340,0.0994,-0.0079,-0.0077,0.9950,0.0072,0.0017,0.0196,0
299506,0.0994,-0.0079,-0.0077,0.9950,-0.0120,-0.0019,0.0047,0
299673,0.0994,-0.0079,-0.0077,0.9950,-0.0100,-0.0005,0.0208,0
299840,0.0994,-0.0079,-0.0077,0.9950,0.0058,0.0011,0.0136,0
300006,0.0994,-0.0079,-0.0077,0.9950,-0.0020,-0.0084,-0.0022,0
300173,0.0994,-0.0079,-0.0077,0.9950,-0.0130,-0.0126,0.0135,0
300340,0.0994,-0.0079,-0.0077,0.9950,-0.0014,-0.0063,0.0040,0
300506,0.0994,-0.0079,-0.0077,0.9950,-0.0026,-0.0053,0.0198,0
300673,0.0994,-0.0079,-0.0077,0.9950,-0.0078,-0.0068,0.0066,0
300840,0.0994,-0.0079,-0.0077,0.9950,-0.0053,-0.0043,0.0139,0
301006,0.0994,-0.0079,-0.0077,0.9950,-0.0060,-0.0109,0.0148,0
301173,0.0994,-0.0079,-0.0077,0.9950,-0.0003,-0.0055,-0.0024,0
301340,0.0994,-0.0079,-0.0077,0.9950,-0.0009,0.0001,0.0065,0
301506,0.0994,-0.0079,-0.0077,0.9950,0.0016,0.0120,-0.0016,0
301673,0.0994,-0.0079,-0.0077,0.9950,-0.0015,0.0097,0.0354,0
301840,0.0994,-0.0079,-0.0077,0.9950,-0.0095,0.0139,0.0122,0
302006,0.0994,-0.0079,-0.0077,0.9950,-0.0168,-0.0075,0.0055,0
302173,0.0994,-0.0079,-0.0077,0.9950,-0.0121,-0.0005,0.0259,0
302340,0.0994,-0.0079,-0.0077,0.9950,-0.0018,-0.0125,0.0055,0
302506,0.0993,-0.0079,-0.0077,0.9950,-0.0003,-0.0066,0.0195,0
302673,0.0993,-0.0079,-0.0077,0.9950,-0.0037,0.0038,0.0114,0
302840,0.0994,-0.0079,-0.0077,0.9950,-0.0143,0.0138,0.0020,0
303006,0.0993,-0.0079,-0.0077,0.9950,-0.0117,0.0007,0.0072,0
303173,0.0993,-0.0079,-0.0077,0.9950,0.0000,0.0010,0.0227,0
303340,0.0993,-0.0079,-0.0077,0.9950,-0.0111,-0.0022,0.0245,0
303506,0.0993,-0.0079,-0.0077,0.9950,-0.0038,0.0021,0.0071,0
303673,0.0993,-0.0079,-0.0077,0.9950,-0.0201,-0.0044,0.0284,0
303840,0.0993,-0.0079,-0.0077,0.9950,-0.0031,0.0017,0.0055,0
304006,0.0993,-0.0079,-0.0077,0.9950,0.0147,0.0086,0.0131,0
304173,0.0993,-0.0079,-0.0077,0.9950,-0.0019,-0.0024,0.0407,0
304340,0.0993,-0.0079,-0.0077,0.9950,0.0034,-0.0055,0.0049,0
304506,0.0993,-0.0079,-0.0077,0.9950,0.0007,-0.0011,0.0122,0
304673,0.0993,-0.0079,-0.0077,0.9950,-0.0028,-0.0082,0.0220,0
304840,0.0992,-0.0079,-0.0077,0.9950,-0.0090,0.0042,0.0160,0
305007,0.0992,-0.0079,-0.0077,0.9950,0.0012,0.0174,0.0026,0
305173,0.0992,-0.0079,-0.0077,0.9950,-0.0059,0.0082,0.0132,0
305340,0.0992,-0.0079,-0.0077,0.9950,0.0071,0.0065,0.0126,0
305507,0.0992,-0.0079,-0.0077,0.9950,-0.0145,-0.0036,0.0172,0
305673,0.0992,-0.0079,-0.0077,0.9950,-0.0013,-0.0029,0.0048,0
305840,0.0992,-0.0079,-0.0077,0.9950,0.0001,-0.0046,0.0155,0
306007,0.0992,-0.0079,-0.0077,0.9950,-0.0020,0.0035,-0.0141,0
306173,0.0992,-0.0079,-0.0077,0.9950,-0.0079,-0.0018,0.0014,0
306340,0.0992,-0.0079,-0.0077,0.9950,0.0024,0.0232,0.0014,0
306507,0.0991,-0.0079,-0.0076,0.9950,0.0047,0.0152,0.0041,0
306673,0.0991,-0.0079,-0.0076,0.9950,-0.0011,0.0101,0.0274,0
306840,0.0991,-0.0079,-0.0076,0.9950,-0.0104,-0.0188,0.0161,0
307007,0.0991,-0.0079,-0.0076,0.9950,-0.0011,-0.0127,0.0068,0
307173,0.0992,-0.0079,-0.0076,0.9950,-0.0058,0.0008,0.0212,0
307340,0.0992,-0.0079,-0.0076,0.9950,-0.0033,0.0066,0.0110,0
307507,0.0992,-0.0079,-0.0076,0.9950,0.0026,0.0070,0.0311,0
307673,0.0992,-0.0079,-0.0076,0.9950,-0.0072,-0.0009,0.0074,0
307840,0.0992,-0.0079,-0.0076,0.9950,0.0004,-0.0091,0.0201,0
308007,0.0992,-0.0079,-0.0076,0.9950,-0.0023,0.0039,0.0099,0
308173,0.0992,-0.0079,-0.0076,0.9950,0.0003,0.0086,0.0147,0
308340,0.0992,-0.0079,-0.0076,0.9950,-0.0114,0.0089,0.0107,0
308507,0.0992,-0.0079,-0.0076,0.9950,-0.0001,0.0018,0.0151,0
308673,0.0992,-0.0079,-0.0076,0.9950,0.0055,-0.0058,0.0012,0
308840,0.0992,-0.0079,-0.0076,0.9950,-0.0056,-0.0143,0.0311,0
309007,0.0992,-0.0079,-0.0076,0.9950,0.0025,-0.0052,-0.0072,0
309173,0.0992,-0.0079,-0.0076,0.9950,-0.0049,0.0041,0.0004,0
309340,0.0992,-0.0079,-0.0076,0.9950,-0.0087,0.0027,0.0162,0
309507,0.0992,-0.0079,-0.0076,0.9950,0.0033,0.0131,0.0243,0
309673,0.0992,-0.0079,-0.0076,0.9950,-0.0076,0.0102,0.0203,0
309840,0.0992,-0.0079,-0.0076,0.9950,-0.0141,-0.0065,0.0080,0
310007,0.0992,-0.0079,-0.0076,0.9950,-0.0129,0.0015,0.0042,0
310173,0.0992,-0.0079,-0.0076,0.9950,0.0004,0.0032,0.0130,0
310340,0.0992,-0.0079,-0.0076,0.9950,0.0182,-0.0056,0.0205,0
310507,0.0992,-0.0079,-0.0076,0.9950,-0.0064,-0.0211,0.0039,0
310673,0.0991,-0.0079,-0.0076,0.9950,-0.0049,0.0146,0.0060,0
310840,0.0991,-0.0079,-0.0076,0.9950,-0.0152,0.0008,0.0008,0
311007,0.0991,-0.0079,-0.0076,0.9950,-0.0053,0.0061,0.0097,0
311173,0.0991,-0.0079,-0.0076,0.9950,-0.0136,0.0114,0.0145,0
311340,0.0991,-0.0079,-0.0076,0.9950,0.0020,-0.0063,0.0160,0
311507,0.0991,-0.0079,-0.0076,0.9950,0.0050,0.0003,0.0054,0
311673,0.0991,-0.0079,-0.0076,0.9950,0.0082,0.0112,0.0307,0
311840,0.0991,-0.0079,-0.0076,0.9950,0.0208,0.0013,-0.0033,0
312007,0.0991,-0.0079,-0.0076,0.9950,0.0034,-0.0014,0.0179,0
312173,0.0991,-0.0079,-0.0076,0.9950,0.0094,-0.0016,0.0337,0
312340,0.0991,-0.0079,-0.0076,0.9950,-0.0108,-0.0111,0.0056,0
312507,0.9999,-0.0084,0.0071,0.0001,0.0042,-0.0070,0.0375,0
312673,0.9999,-0.0084,0.0071,0.0001,-0.0031,0.0019,0.0079,0
312840,0.9999,-0.0084,0.0071,0.0001,0.0077,0.0033,0.0230,0
313007,0.9999,-0.0084,0.0071,0.0001,-0.0192,0.0054,0.0056,0
313173,0.9999,-0.0084,0.0071,0.0001,-0.0136,-0.0063,0.0185,0
313340,0.9999,-0.0084,0.0071,0.0001,-0.0046,0.0038,0.0371,0
313507,0.9999,-0.0084,0.0071,0.0001,0.0046,-0.0108,-0.0004,0
313673,0.9999,-0.0084,0.0071,0.0001,0.0072,0.0011,0.0026,0
313840,0.9999,-0.0084,0.0071,0.0001,0.0103,0.0084,0.0339,0
314007,0.9999,-0.0084,0.0071,0.0001,0.0091,-0.0032,0.0206,0
314173,0.9999,-0.0084,0.0071,0.0001,-0.0054,0.0153,0.0226,0
314340,0.9999,-0.0084,0.0071,0.0001,0.0006,0.0043,0.0251,0
314507,0.9999,-0.0084,0.0071,0.0001,-0.0218,-0.0026,0.0248,0
314673,0.9999,-0.0084,0.0071,0.0001,0.0036,-0.0201,0.0060,0
314840,0.9999,-0.0084,0.0071,0.0001,-0.0017,-0.0096,0.0287,0
315007,0.9999,-0.0084,0.0071,0.0001,0.0139,-0.0054,-0.0011,0
315173,0.9999,-0.0084,0.0071,0.0001,0.0071,-0.0000,0.0088,0
315340,0.9999,-0.0084,0.0071,0.0002,0.0033,0.0043,0.0109,0
315507,0.9999,-0.0084,0.0071,0.0002,0.0093,0.0157,0.0372,0
315673,0.9999,-0.0084,0.0071,0.0002,-0.0026,0.0006,0.0251,0
315840,0.9999,-0.0084,0.0071,0.0002,-0.0008,-0.0062,0.0019,0
316007,0.9999,-0.0084,0.0071,0.0002,-0.0121,-0.0114,0.0111,0
316173,0.9999,-0.0084,0.0071,0.0002,-0.0018,-0.0213,0.0102,0
316340,0.9999,-0.0084,0.0071,0.0002,-0.0050,-0.0250,0.0197,0
316507,0.9999,-0.0084,0.0071,0.0002,-0.0024,-0.0123,-0.0036,0
316673,0.9999,-0.0084,0.0071,0.0002,0.0067,0.0127,0.0329,0
316840,0.9999,-0.0084,0.0071,0.0002,-0.0048,0.0244,0.0031,0
317007,0.9999,-0.0084,0.0071,0.0002,-0.0026,0.0178,0.0157,0
317173,0.9999,-0.0084,0.0071,0.0002,-0.0191,0.0047,0.0263,0
317340,0.9999,-0.0084,0.0071,0.0002,-0.0073,-0.0083,-0.0008,0
317507,0.9999,-0.0084,0.0071,0.0002,0.0037,0.0004,-0.0045,0
317673,0.9999,-0.0084,0.0071,0.0002,0.0060,-0.0043,0.0101,0
317840,0.9999,-0.0084,0.0071,0.0002,0.0064,-0.0151,0.0143,0
318007,0.9999,-0.0084,0.0071,0.0002,-0.0045,-0.0076,0.0117,0
318173,0.9999,-0.0084,0.0071,0.0002,-0.0044,0.0028,0.0296,0
318340,0.9999,-0.0084,0.0071,0.0002,0.0067,-0.0049,-0.0166,0
318507,0.9999,-0.0084,0.0071,0.0002,0.0010,-0.0082,0.0246,0
318673,0.9999,-0.0084,0.0071,0.0002,0.0050,-0.0057,0.0154,0
318840,0.9999,-0.0084,0.0071,0.0002,0.0119,0.0046,0.0009,0
319007,0.9999,-0.0084,0.0071,0.0002,0.0143,0.0008,-0.0092,0
319173,0.9999,-0.0084,0.0071,0.0002,-0.0086,-0.0006,0.0241,0
319340,0.9999,-0.0084,0.0071,0.0002,0.0055,0.0063,0.0097,0
319507,0.9999,-0.0084,0.0071,0.0002,-0.0073,-0.0055,0.0018,0
319673,0.9999,-0.0084,0.0071,0.0002,0.0150,-0.0134,0.0192,0
319840,0.9999,-0.0084,0.0071,0.0002,0.0114,-0.0027,0.0035,0
320007,0.9999,-0.0084,0.0071,0.0002,-0.0013,-0.0073,0.0105,0
320173,0.9999,-0.0084,0.0071,0.0002,-0.0114,0.0023,0.0166,0
320340,0.9999,-0.0084,0.0071,0.0002,0.0037,0.0089,0.0085,0
320507,0.9999,-0.0084,0.0071,0.0002,0.0021,0.0042,-0.0018,0
320673,0.9999,-0.0084,0.0071,0.0002,-0.0001,-0.0102,0.0050,0
320840,0.9999,-0.0084,0.0071,0.0002,-0.0041,-0.0161,0.0289,0
321007,0.9999,-0.0084,0.0071,0.0002,-0.0138,-0.0177,0.0177,0
321173,0.9999,-0.0084,0.0071,0.0002,-0.0054,-0.0001,0.0083,0
321340,0.9999,-0.0084,0.0071,0.0002,0.0011,-0.0004,0.0235,0
321507,0.9999,-0.0084,0.0071,0.0002,0.0043,-0.0093,0.0079,0
321674,0.9999,-0.0084,0.0071,0.0002,0.0036,0.0083,0.0027,0
321840,0.9999,-0.0084,0.0071,0.0002,0.0032,0.0113,0.0125,0
322007,0.9999,-0.0084,0.0071,0.0002,0.0078,0.0040,0.0067,0
322174,0.9999,-0.0084,0.0071,0.0002,0.0025,0.0154,0.0038,0
322340,0.9999,-0.0084,0.0071,0.0002,0.0157,0.0193,0.0095,0
322507,0.9999,-0.0084,0.0071,0.0002,0.0047,0.0133,0.0285,0
322674,0.9999,-0.0084,0.0071,0.0002,0.0031,-0.0017,0.0246,0
322840,0.9999,-0.0084,0.0071,0.0002,-0.0012,0.0055,0.0136,0
323007,0.9999,-0.0084,0.0071,0.0002,0.0045,-0.0169,0.0117,0
323174,0.9999,-0.0084,0.0071,0.0002,0.0162,-0.0106,-0.0017,0
323340,0.9999,-0.0084,0.0071,0.0002,0.0037,0.0018,0.0109,0
323507,0.9999,-0.0084,0.0071,0.0002,0.0061,0.0039,0.0188,0
323674,0.9999,-0.0084,0.0071,0.0002,-0.0007,-0.0073,0.0147,0
323840,0.9999,-0.0084,0.0071,0.0002,-0.0014,0.0001,0.0140,0
324007,0.9999,-0.0084,0.0071,0.0002,0.0032,-0.0003,0.0135,0
324174,0.9999,-0.0084,0.0071,0.0002,0.0160,-0.0044,0.0047,0
324340,0.9999,-0.0084,0.0071,0.0002,0.0080,-0.0021,0.0149,0
324507,0.9999,-0.0084,0.0071,0.0002,0.0104,-0.0126,-0.0065,0
324674,0.9999,-0.0084,0.0071,0.0002,-0.0063,0.0003,0.0121,0
324840,0.9999,-0.0084,0.0071,0.0002,-0.0009,-0.0056,-0.0050,0
325007,0.9999,-0.0084,0.0071,0.0002,-0.0005,-0.0114,0.0072,0
325174,0.9999,-0.0084,0.0071,0.0002,-0.0087,-0.0230,0.0214,0
325340,0.9999,-0.0084,0.0071,0.0002,0.0013,-0.0109,0.0101,0
325507,0.9999,-0.0084,0.0071,0.0002,-0.0044,0.0037,0.0081,0
325674,0.9999,-0.0084,0.0071,0.0002,0.0020,0.0218,-0.0091,0
325840,0.9999,-0.0084,0.0071,0.0002,0.0018,0.0005,0.0260,0
326007,0.9999,-0.0084,0.0071,0.0002,-0.0017,-0.0153,0.0263,0
326174,0.9999,-0.0084,0.0071,0.0002,-0.0115,-0.0093,0.0043,0
326340,0.9999,-0.0084,0.0072,0.0002,-0.0029,-0.0185,0.0004,0
326507,0.9999,-0.0084,0.0072,0.0002,0.0026,-0.0064,0.0097,0
326674,0.9999,-0.0084,0.0071,0.0002,-0.0054,0.0027,0.0252,0
326840,0.9999,-0.0084,0.0071,0.0002,-0.0080,0.0083,0.0232,0
327007,0.9999,-0.0084,0.0071,0.0002,-0.0112,0.0188,0.0047,0
327174,0.9999,-0.0084,0.0071,0.0001,0.0061,-0.0138,0.0212,0
327340,0.9999,-0.0084,0.0071,0.0001,0.0230,-0.0125,0.0286,0
327507,0.9999,-0.0084,0.0071,0.0001,0.0115,-0.0084,0.0319,0
327674,0.9999,-0.0084,0.0071,0.0001,0.0005,-0.0041,0.0337,0
327840,0.9999,-0.0084,0.0071,0.0001,0.0137,0.0171,0.0068,0
328007,0.9999,-0.0084,0.0071,0.0001,0.0056,0.0017,0.0207,0
328174,0.9999,-0.0084,0.0071,0.0001,0.0160,0.0003,0.0140,0
328340,0.9999,-0.0084,0.0071,0.0001,0.0014,-0.0042,0.0044,0
328507,0.9999,-0.0084,0.0071,0.0001,0.0135,-0.0009,0.0118,0
328674,0.9999,-0.0084,0.0071,0.0001,-0.0016,-0.0009,0.0055,0
328840,0.9999,-0.0084,0.0071,0.0001,-0.0119,0.0088,0.0048,0
329007,0.9999,-0.0084,0.0071,0.0001,-0.0068,0.0015,0.0452,0
329174,0.9999,-0.0084,0.0071,0.0001,0.0059,-0.0000,0.0453,0
329340,0.9999,-0.0084,0.0071,0.0001,0.0040,-0.0138,-0.0023,0
329507,0.9999,-0.0084,0.0071,0.0001,0.0043,-0.0013,0.0023,0
329674,0.9999,-0.0084,0.0071,0.0001,0.0112,0.0004,0.0287,0
329840,0.9999,-0.0084,0.0071,0.0001,0.0053,-0.0064,0.0206,0
330007,0.9999,-0.0084,0.0071,0.0001,0.0008,-0.0020,0.0103,0
330174,0.9999,-0.0084,0.0071,0.0001,-0.0002,0.0005,0.0058,0
330340,0.9999,-0.0084,0.0071,0.0001,-0.0050,-0.0066,-0.0135,0
330507,0.9999,-0.0084,0.0071,0.0001,0.0093,-0.0026,0.0303,0
330674,0.9999,-0.0083,0.0071,0.0001,0.0083,-0.0117,0.0121,0
330840,0.9999,-0.0083,0.0071,0.0001,0.0146,0.0053,0.0108,0
331007,0.9999,-0.0084,0.0071,0.0001,0.0139,0.0019,0.0297,0
331174,0.9999,-0.0084,0.0071,0.0001,0.0012,0.0161,0.0191,0
331340,0.9999,-0.0084,0.0071,0.0001,0.0050,-0.0032,0.0232,0
331507,0.9999,-0.0083,0.0071,0.0001,-0.0026,-0.0140,0.0169,0
331674,0.9999,-0.0083,0.0071,0.0001,-0.0061,-0.0043,0.0351,0
331840,0.9999,-0.0083,0.0071,0.0001,0.0078,-0.0120,0.0200,0
332007,0.9999,-0.0084,0.0071,0.0001,0.0126,-0.0001,0.0248,0
332174,0.9999,-0.0083,0.0071,0.0001,0.0004,0.0093,0.0151,0
332340,0.9999,-0.0084,0.0071,0.0001,0.0191,0.0027,0.0106,0
332507,0.9999,-0.0083,0.0071,0.0001,0.0085,0.0029,0.0241,0
332674,0.9999,-0.0084,0.0071,0.0001,0.0077,0.0050,0.0039,0
332840,0.9999,-0.0083,0.0072,0.0001,-0.0229,-0.0001,0.0002,0
333007,0.9999,-0.0083,0.0072,0.0001,0.0029,-0.0049,0.0271,0
333174,0.9999,-0.0084,0.0071,0.0001,0.0080,0.0004,0.0224,0
333340,0.9999,-0.0083,0.0071,0.0001,0.0120,0.0129,0.0082,0
333507,0.9999,-0.0083,0.0072,0.0001,0.0124,0.0105,0.0054,0
333674,0.9999,-0.0083,0.0072,0.0001,0.0088,-0.0101,0.0214,0
333840,0.9999,-0.0084,0.0072,0.0001,0.0023,0.0064,0.0068,0
334007,0.9999,-0.0084,0.0072,0.0000,0.0040,-0.0013,0.0016,0
334174,0.9999,-0.0084,0.0072,0.0000,-0.0071,0.0019,0.0213,0
334340,0.9999,-0.0084,0.0072,0.0000,-0.0036,0.0040,-0.0157,0
334507,0.9999,-0.0084,0.0072,0.0000,0.0012,0.0117,0.0167,0
334674,0.9999,-0.0084,0.0071,0.0001,0.0068,-0.0066,0.0324,0
334840,0.9999,-0.0084,0.0071,0.0001,0.0180,0.0128,0.0105,0
335007,0.9999,-0.0084,0.0071,0.0001,0.0037,-0.0088,0.0238,0
335174,0.9999,-0.0084,0.0071,0.0000,0.0010,-0.0066,0.0180,0
335340,0.9999,-0.0084,0.0071,0.0001,0.0039,-0.0133,0.0214,0
335507,0.9999,-0.0084,0.0071,0.0001,-0.0100,0.0036,0.0289,0
335674,0.9999,-0.0084,0.0071,0.0001,0.0045,0.0154,0.0141,0
335840,0.9999,-0.0084,0.0071,0.0000,0.0129,-0.0014,0.0232,0
336007,0.9999,-0.0084,0.0071,0.0001,0.0110,-0.0105,0.0297,0
336174,0.9999,-0.0084,0.0071,0.0001,0.0021,-0.0004,0.0151,0
336340,0.9999,-0.0084,0.0071,0.0001,0.0030,0.0046,0.0143,0
336507,0.9999,-0.0084,0.0071,0.0001,0.0031,-0.0034,0.0168,0
336674,0.9999,-0.0084,0.0071,0.0001,-0.0263,-0.0084,0.0291,0
336840,0.9999,-0.0084,0.0071,0.0001,0.0036,-0.0052,0.0330,0
337007,0.9999,-0.0084,0.0071,0.0001,-0.0082,-0.0127,0.0066,0
337174,0.9999,-0.0084,0.0071,0.0001,-0.0009,0.0056,0.0323,0
337340,0.9999,-0.0084,0.0071,0.0001,-0.0019,0.0087,0.0345,0
337507,0.9999,-0.0084,0.0071,0.0001,-0.0032,0.0067,-0.0020,0
337674,0.9999,-0.0084,0.0071,0.0001,0.0015,-0.0049,-0.0047,0
337840,0.9999,-0.0084,0.0071,0.0001,0.0136,-0.0095,-0.0083,0
338007,0.9999,-0.0084,0.0071,0.0001,-0.0010,0.0051,0.0093,0
338174,0.9999,-0.0084,0.0071,0.0001,0.0165,-0.0010,-0.0064,0
338341,0.9999,-0.0084,0.0071,0.0001,0.0022,-0.0041,0.0229,0
338507,0.9999,-0.0084,0.0071,0.0001,-0.0014,0.0056,0.0071,0
338674,0.9999,-0.0084,0.0071,0.0001,0.0096,0.0056,0.0105,0
338841,0.9999,-0.0084,0.0071,0.0001,-0.0007,0.0051,0.0136,0
339007,0.9999,-0.0084,0.0071,0.0001,-0.0008,0.0069,0.0250,0
339174,0.9999,-0.0084,0.0071,0.0001,0.0080,-0.0017,-0.0087,0
339341,0.9999,-0.0084,0.0071,0.0001,0.0088,-0.0051,-0.0010,0
339507,0.9999,-0.0084,0.0071,0.0001,0.0043,0.0109,0.0181,0
339674,0.9999,-0.0084,0.0071,0.0001,0.0030,0.0166,0.0220,0
339841,0.9999,-0.0084,0.0071,0.0001,-0.0053,-0.0082,0.0023,0
340007,0.9999,-0.0084,0.0071,0.0001,0.0007,-0.0080,0.0196,0
340174,0.9999,-0.0084,0.0071,0.0001,-0.0045,-0.0175,0.0113,0
340341,0.9999,-0.0084,0.0071,0.0001,-0.0034,-0.0072,0.0192,0
340507,0.9999,-0.0084,0.0071,0.0001,0.0060,0.0159,0.0248,0
340674,0.9999,-0.0085,0.0071,0.0001,-0.0077,0.0017,-0.0012,0
340841,0.9999,-0.0085,0.0071,0.0001,0.0067,0.0100,0.0381,0
341007,0.9999,-0.0085,0.0071,0.0001,-0.0040,-0.0050,-0.0096,0
341174,0.9999,-0.0085,0.0071,0.0001,0.0039,-0.0033,-0.0145,0
341341,0.9999,-0.0085,0.0071,0.0001,-0.0059,0.0011,0.0075,0
341507,0.9999,-0.0084,0.0071,0.0001,-0.0110,0.0089,0.0160,0
341674,0.9999,-0.0084,0.0071,0.0001,0.0058,-0.0053,0.0119,0
341841,0.9999,-0.0084,0.0071,0.0001,-0.0023,-0.0187,0.0108,0
342007,0.9999,-0.0084,0.0071,0.0001,0.0011,0.0051,0.0113,0
342174,0.9999,-0.0084,0.0071,0.0001,0.0162,0.0094,0.0300,0
342341,0.9999,-0.0084,0.0071,0.0001,0.0123,-0.0069,0.0090,0
342507,0.9999,-0.0085,0.0071,0.0001,0.0057,-0.0154,-0.0028,0
342674,0.9999,-0.0084,0.0071,0.0001,0.0114,0.0021,0.0160,0
342841,0.9999,-0.0084,0.0071,0.0001,-0.0136,0.0043,0.0258,0
343007,0.9999,-0.0084,0.0071,0.0001,-0.0056,-0.0024,0.0100,0
343174,0.9999,-0.0084,0.0071,0.0001,-0.0036,-0.0009,0.0115,0
343341,0.9999,-0.0085,0.0071,0.0001,-0.0069,0.0048,0.0327,0
343507,0.9999,-0.0084,0.0071,0.0001,0.0097,-0.0070,0.0088,0
343674,0.9999,-0.0084,0.0071,0.0001,0.0033,-0.0094,0.0027,0
343841,0.9999,-0.0084,0.0072,0.0001,0.0055,-0.0151,0.0150,0
344007,0.9999,-0.0084,0.0072,0.0001,-0.0038,0.0074,0.0276,0
344174,0.9999,-0.0084,0.0071,0.0001,-0.0029,-0.0043,0.0282,0
344341,0.9999,-0.0084,0.0071,0.0001,-0.0043,-0.0043,0.0320,0
344507,0.9999,-0.0085,0.0071,0.0001,0.0033,-0.0181,0.0044,0
344674,0.9999,-0.0084,0.0071,0.0001,0.0005,-0.0126,0.0105,0
344841,0.9999,-0.0084,0.0071,0.0001,0.0142,-0.0111,0.0143,0
345007,0.9999,-0.0084,0.0072,0.0001,0.0008,-0.0112,0.0211,0
345174,0.9999,-0.0084,0.0071,0.0001,-0.0055,0.0164,0.0090,0
345341,0.9999,-0.0084,0.0071,0.0001,0.0090,0.0036,0.0271,0
345507,0.9999,-0.0084,0.0071,0.0001,-0.0031,-0.0116,0.0098,0
345674,0.9999,-0.0084,0.0072,0.0001,-0.0031,0.0026,0.0078,0
345841,0.9999,-0.0085,0.0072,0.0001,0.0138,-0.0046,0.0172,0
346007,0.9999,-0.0084,0.0072,0.0001,0.0074,0.0064,0.0078,0
346174,0.9999,-0.0084,0.0072,0.0001,0.0170,0.0093,0.0360,0
346341,0.9999,-0.0084,0.0072,0.0001,-0.0103,0.0142,0.0289,0
346507,0.9999,-0.0085,0.0072,0.0001,0.0011,0.0056,0.0131,0
346674,0.9999,-0.0085,0.0072,0.0001,-0.0056,0.0056,0.0396,0
346841,0.9999,-0.0084,0.0072,0.0001,-0.0040,0.0049,0.0155,0
347007,0.9999,-0.0084,0.0072,0.0001,0.0016,-0.0083,0.0188,0
347174,0.9999,-0.0084,0.0072,0.0001,0.0091,-0.0032,0.0129,0
347341,0.9999,-0.0084,0.0072,0.0001,0.0030,-0.0130,0.0060,0
347507,0.9999,-0.0084,0.0072,0.0001,-0.0034,0.0107,-0.0001,0
347674,0.9999,-0.0084,0.0072,0.0001,0.0036,0.0023,0.0260,0
347841,0.9999,-0.0084,0.0072,0.0001,0.0059,0.0036,0.0055,0
348007,0.9999,-0.0084,0.0072,0.0001,0.0052,-0.0154,0.0118,0
348174,0.9999,-0.0084,0.0072,0.0001,-0.0032,0.0001,0.0144,0
348341,0.9999,-0.0084,0.0072,0.0001,0.0029,0.0023,0.0393,0
348507,0.9999,-0.0084,0.0072,0.0001,0.0111,0.0061,0.0084,0
348674,0.9999,-0.0084,0.0072,0.0001,0.0090,0.0042,0.0251,0
348841,0.9999,-0.0084,0.0072,0.0001,0.0057,-0.0037,0.0258,0
349007,0.9999,-0.0084,0.0072,0.0001,-0.0111,-0.0064,0.0247,0
349174,0.9999,-0.0084,0.0072,0.0001,0.0054,-0.0135,0.0231,0
349341,0.9999,-0.0084,0.0072,0.0001,0.0124,-0.0079,0.0300,0
349507,0.9999,-0.0084,0.0072,0.0001,0.0024,0.0117,0.0290,0
349674,0.9999,-0.0084,0.0072,0.0001,-0.0074,0.0068,0.0179,0
349841,0.9999,-0.0084,0.0072,0.0001,0.0087,-0.0079,0.0129,0
350007,0.9999,-0.0084,0.0072,0.0001,0.0114,-0.0130,0.0295,0
350174,0.9999,-0.0084,0.0072,0.0001,0.0021,-0.0048,0.0188,0
350341,0.9999,-0.0084,0.0072,0.0001,0.0027,0.0032,0.0156,0
350507,0.9999,-0.0084,0.0072,0.0001,-0.0020,0.0018,0.0255,0
350674,0.9999,-0.0084,0.0072,0.0001,-0.0002,-0.0006,0.0327,0
350841,0.9999,-0.0084,0.0072,0.0001,-0.0064,-0.0156,0.0083,0
351007,0.9999,-0.0084,0.0072,0.0001,0.0011,-0.0095,0.0258,0
351174,0.9999,-0.0084,0.0072,0.0001,-0.0095,0.0033,0.0232,0
351341,0.9999,-0.0084,0.0072,0.0001,0.0047,-0.0020,0.0080,0
351507,0.9999,-0.0084,0.0072,0.0002,0.0163,0.0048,0.0167,0
351674,0.9999,-0.0084,0.0072,0.0002,-0.0041,0.0131,0.0109,0
351841,0.9999,-0.0084,0.0072,0.0002,-0.0005,0.0166,0.0167,0
352007,0.9999,-0.0084,0.0072,0.0002,0.0081,-0.0030,0.0123,0
352174,0.9999,-0.0084,0.0072,0.0002,0.0040,-0.0071,0.0175,0
352341,0.9999,-0.0084,0.0072,0.0002,-0.0057,-0.0146,0.0073,0
352507,0.9999,-0.0084,0.0072,0.0002,0.0088,-0.0090,0.0165,0
352674,0.9999,-0.0084,0.0072,0.0002,0.0157,-0.0038,0.0229,0
352841,0.9999,-0.0084,0.0072,0.0002,0.0205,0.0123,0.0238,0
353007,0.9999,-0.0084,0.0072,0.0002,0.0037,-0.0043,0.0008,0
353174,0.9999,-0.0084,0.0072,0.0002,-0.0129,-0.0073,0.0279,0
353341,0.9999,-0.0084,0.0072,0.0002,0.0070,-0.0016,0.0216,0
353507,0.9999,-0.0084,0.0072,0.0002,-0.0094,-0.0222,0.0072,0
353674,0.9999,-0.0084,0.0072,0.0002,0.0027,0.0019,0.0151,0
353841,0.9999,-0.0084,0.0072,0.0002,-0.0142,0.0064,0.0331,0
354007,0.9999,-0.0084,0.0072,0.0002,0.0137,0.0118,0.0168,0
354174,0.9999,-0.0084,0.0072,0.0002,0.0093,0.0205,0.0263,0
354341,0.9999,-0.0084,0.0072,0.0002,0.0092,-0.0133,0.0188,0
354507,0.9999,-0.0084,0.0072,0.0002,0.0115,0.0028,0.0188,0
354674,0.9999,-0.0084,0.0071,0.0001,-0.0089,-0.0011,0.0209,0
354841,0.9999,-0.0084,0.0071,0.0001,-0.0029,0.0059,0.0142,0
355008,0.9999,-0.0084,0.0071,0.0001,-0.0064,0.0202,0.0274,0
355174,0.9999,-0.0084,0.0071,0.0002,0.0003,0.0029,0.0090,0
355341,0.9999,-0.0084,0.0071,0.0002,0.0032,0.0041,0.0277,0
355508,0.9999,-0.0084,0.0071,0.0001,0.0153,0.0008,0.0137,0
355674,0.9999,-0.0084,0.0071,0.0001,0.0093,-0.0009,0.0202,0
355841,0.9999,-0.0084,0.0071,0.0001,0.0048,-0.0009,0.0285,0
356008,0.9999,-0.0084,0.0071,0.0001,0.0005,-0.0038,0.0044,0
356174,0.9999,-0.0084,0.0071,0.0001,-0.0017,-0.0009,0.0079,0
356341,0.9999,-0.0084,0.0071,0.0001,0.0001,0.0088,0.0271,0
356508,0.9999,-0.0085,0.0071,0.0001,-0.0004,0.0140,0.0134,0
356674,0.9999,-0.0085,0.0071,0.0001,0.0061,0.0117,0.0273,0
356841,0.9999,-0.0084,0.0071,0.0001,0.0063,0.0038,0.0207,0
357008,0.9999,-0.0084,0.0071,0.0001,0.0139,0.0069,0.0226,0
357174,0.9999,-0.0084,0.0071,0.0001,0.0023,-0.0052,0.0301,0
357341,0.9999,-0.0084,0.0071,0.0001,-0.0007,0.0003,0.0165,0
357508,0.9999,-0.0084,0.0071,0.0001,0.0053,-0.0050,0.0247,0
357674,0.9999,-0.0084,0.0071,0.0001,-0.0005,0.0103,0.0202,0
357841,0.9999,-0.0084,0.0071,0.0001,0.0049,0.0112,0.0140,0
358008,0.9999,-0.0084,0.0071,0.0001,0.0176,0.0178,0.0121,0
358174,0.9999,-0.0084,0.0072,0.0001,0.0034,0.0123,0.0178,0
358341,0.9999,-0.0084,0.0072,0.0001,0.0063,-0.0044,0.0041,0
358508,0.9999,-0.0084,0.0072,0.0001,-0.0051,-0.0163,0.0169,0
358674,0.9999,-0.0084,0.0072,0.0001,-0.0081,-0.0095,0.0203,0
358841,0.9999,-0.0084,0.0072,0.0001,0.0008,-0.0091,0.0243,0
359008,0.9999,-0.0084,0.0072,0.0001,-0.0011,0.0019,0.0066,0
359174,0.9999,-0.0084,0.0072,0.0001,0.0150,-0.0006,0.0074,0
359341,0.9999,-0.0084,0.0072,0.0001,0.0091,0.0088,0.0293,0
359508,0.9999,-0.0084,0.0072,0.0001,0.0075,0.0125,0.0292,0
359674,0.9999,-0.0084,0.0072,0.0001,0.0060,0.0017,0.0126,0
359841,0.9999,-0.0084,0.0072,0.0001,0.0073,-0.0180,0.0045,0
360008,0.9999,-0.0084,0.0072,0.0001,-0.0026,-0.0090,0.0182,0
360174,0.9999,-0.0084,0.0072,0.0001,0.0113,-0.0107,0.0186,0
360341,0.9999,-0.0084,0.0072,0.0001,0.0041,0.0017,0.0290,0
360508,0.9999,-0.0084,0.0072,0.0001,0.0060,0.0083,0.0212,0
360674,0.9999,-0.0084,0.0072,0.0001,0.0099,-0.0021,0.0316,0
360841,0.9999,-0.0084,0.0073,0.0001,-0.0057,0.0008,0.0002,0
361008,0.9999,-0.0084,0.0073,0.0001,0.0026,0.0072,0.0337,0
361174,0.9999,-0.0084,0.0073,0.0001,-0.0105,0.0008,0.0125,0
361341,0.9999,-0.0084,0.0073,0.0001,-0.0020,-0.0124,0.0097,0
361508,0.9999,-0.0084,0.0073,0.0001,-0.0058,-0.0004,0.0150,0
361674,0.0990,-0.0081,-0.0077,0.9950,-0.0064,0.0111,0.0159,0
361841,0.0990,-0.0081,-0.0077,0.9950,-0.0126,0.0071,0.0091,0
362008,0.0990,-0.0081,-0.0077,0.9950,-0.0020,0.0047,0.0208,0
362174,0.0990,-0.0081,-0.0077,0.9950,-0.0104,-0.0006,0.0273,0
362341,0.0990,-0.0081,-0.0077,0.9950,0.0057,-0.0019,0.0171,0
362508,0.0990,-0.0081,-0.0077,0.9950,-0.0048,0.0098,0.0275,0
362674,0.0990,-0.0081,-0.0077,0.9950,-0.0006,0.0043,0.0100,0
362841,0.0990,-0.0081,-0.0077,0.9950,0.0051,-0.0030,0.0195,0
363008,0.0990,-0.0081,-0.0077,0.9950,-0.0078,-0.0092,0.0329,0
363174,0.0990,-0.0081,-0.0077,0.9950,0.0005,-0.0078,0.0298,0
363341,0.0990,-0.0081,-0.0077,0.9950,-0.0151,-0.0166,0.0212,0
363508,0.0990,-0.0081,-0.0077,0.9950,-0.0110,0.0086,0.0187,0
363674,0.0990,-0.0081,-0.0077,0.9950,0.0004,0.0197,0.0193,0
363841,0.0990,-0.0081,-0.0077,0.9950,0.0001,0.0104,-0.0006,0
364008,0.0990,-0.0080,-0.0077,0.9950,0.0009,-0.0102,0.0178,0
364174,0.0990,-0.0081,-0.0077,0.9950,0.0006,0.0001,0.0313,0
364341,0.0990,-0.0081,-0.0077,0.9950,-0.0108,-0.0180,0.0015,0
364508,0.0990,-0.0081,-0.0077,0.9950,-0.0145,-0.0007,0.0113,0
364674,0.0990,-0.0081,-0.0077,0.9950,-0.0072,-0.0022,0.0189,0
364841,0.0990,-0.0081,-0.0077,0.9950,-0.0022,0.0100,0.0024,0
365008,0.0990,-0.0081,-0.0077,0.9950,0.0030,0.0148,0.0255,0
365174,0.0990,-0.0081,-0.0077,0.9950,-0.0080,0.0021,0.0082,0
365341,0.0990,-0.0081,-0.0077,0.9950,-0.0069,0.0072,0.0015,0
365508,0.0990,-0.0081,-0.0077,0.9950,-0.0099,-0.0225,-0.0059,0
365674,0.0990,-0.0081,-0.0077,0.9950,-0.0063,-0.0268,0.0350,0
365841,0.0990,-0.0081,-0.0077,0.9950,-0.0150,-0.0380,0.0161,0
366008,0.0990,-0.0081,-0.0077,0.9950,-0.0075,-0.0099,0.0112,0
366174,0.0990,-0.0081,-0.0077,0.9950,-0.0062,0.0140,0.0134,0
366341,0.0990,-0.0081,-0.0077,0.9950,0.0100,0.0363,0.0051,0
366508,0.0990,-0.0081,-0.0077,0.9950,0.0136,0.0468,0.0190,0
366674,0.0990,-0.0081,-0.0077,0.9950,0.0050,0.0263,0.0285,0
366841,0.0990,-0.0081,-0.0077,0.9950,-0.0020,-0.0003,-0.0009,0
367008,0.0990,-0.0081,-0.0077,0.9950,-0.0235,-0.0329,0.0068,0
367174,0.0990,-0.0081,-0.0077,0.9950,-0.0035,-0.0145,0.0071,0
367341,0.0990,-0.0081,-0.0077,0.9950,-0.0051,0.0057,-0.0035,0
367508,0.0990,-0.0081,-0.0077,0.9950,-0.0079,0.0184,0.0069,0
367674,0.0990,-0.0081,-0.0077,0.9950,0.0026,-0.0023,0.0181,0
367841,0.0990,-0.0081,-0.0077,0.9950,0.0114,0.0035,0.0171,0
368008
368174
368341
368508
